name,sido,sigungu,address,phone,longitude,latitude
상계동_수락산역점,서울특별시,노원구,"서울특별시 노원구 동일로 1668 1층 (상계동, 롯데리아)",000-0000-0001,127.055635,37.6771768
방학1동_방학역점,서울특별시,도봉구,서울특별시 도봉구 도봉로 729 (방학동),000-0000-0002,127.043287,37.6696497
상계동_마들역점,서울특별시,노원구,"서울특별시 노원구 동일로 1530 (상계동, 다모아빌딩)",000-0000-0003,127.058041,37.6650575
방학1동_홈플러스앞점,서울특별시,도봉구,"서울특별시 도봉구 도봉로 677 103호 (방학동, 우리들메디빌딩)",000-0000-0004,127.042434,37.6649018
방학동_신방학점,서울특별시,도봉구,서울특별시 도봉구 방학로 172 1층(방학동),000-0000-0005,127.033264,37.6625621
중계4동_상계역점,서울특별시,노원구,서울특별시 노원구 한글비석로 384 (중계동),000-0000-0006,127.07328,37.6598236
쌍문2동_쌍문세라믹점,서울특별시,도봉구,서울특별시 도봉구 도당로 2 (쌍문동),000-0000-0007,127.035268,37.658399
쌍문2동_보건소사거리점,서울특별시,도봉구,서울특별시 도봉구 도봉로 581 1층 (쌍문동),000-0000-0008,127.039302,37.6570193
상계동_노원역9번출구점,서울특별시,노원구,"서울특별시 노원구 상계로3길 16 1층 (상계동, 동원빌딩)",000-0000-0009,127.062511,37.6569916
노원_노원7호선점,서울특별시,노원구,서울특별시 노원구 노해로 488 (상계동),000-0000-0010,127.062135,37.6543068
상계6.7동_노원역5번출구점,서울특별시,노원구,서울특별시 노원구 동일로 1392 1층(상계동),000-0000-0011,127.061352,37.6530459
중계1동_중계두타빌점,서울특별시,노원구,"서울특별시 노원구 한글비석로 245 B동 109호 (중계동, 두타빌)",000-0000-0012,127.076352,37.6495775
쌍문역_4번출구점,서울특별시,도봉구,서울특별시 도봉구 도봉로 479 1동 1층 (쌍문동),000-0000-0013,127.034391,37.6486417
창1동_쌍문역2번출구점,서울특별시,도봉구,서울특별시 도봉구 도봉로 464 1층 (창동),000-0000-0014,127.034186,37.646984
수유2동_주민센터점,서울특별시,강북구,"서울특별시 강북구 한천로 1122 (수유동, 영우빌딩)",000-0000-0015,127.020045,37.645113
진관동_구파발역점,서울특별시,은평구,"서울특별시 은평구 진관2로 29-21 1층 (진관동, 드림스퀘어)",000-0000-0016,126.914578,37.6441005
구파발_은평자이점,서울특별시,은평구,"서울특별시 은평구 통일로 1034 101동 1층 105호 (진관동, 은평스카이뷰자이)",000-0000-0017,126.91866,37.6414726
수유동_강북종합시장점,서울특별시,강북구,서울특별시 강북구 한천로 1056 (수유동),000-0000-0018,127.025482,37.6412378
중계동_브라운스톤점,서울특별시,노원구,"서울특별시 노원구 동일로203가길 29 브라운스톤오피스텔 상가 1층 117호(중계동,브라운스톤중계)",000-0000-0019,127.064231,37.6399171
창3동_신창시장점,서울특별시,도봉구,서울특별시 도봉구 덕릉로 236 (창동),000-0000-0020,127.038522,37.6387117
수유동_수유역8번출구점,서울특별시,강북구,서울특별시 강북구 도봉로 345 (수유동),000-0000-0021,127.0259,37.6386339
번1동_수유역3번출구점,서울특별시,강북구,서울특별시 강북구 도봉로 332 (번동),000-0000-0022,127.025356,37.6374357
수유동_수유역5번출구점,서울특별시,강북구,서울특별시 강북구 도봉로 327 1층 (수유동),000-0000-0023,127.024597,37.6373998
하계1동_하계역점,서울특별시,노원구,서울특별시 노원구 한글비석로 56 마성상가 1층 유플러스 (하계동),000-0000-0024,127.069517,37.6346705
미아동_수유시장점,서울특별시,강북구,서울특별시 강북구 도봉로 247-1 (미아동),000-0000-0025,127.024097,37.6305615
월계동_아이파크점,서울특별시,노원구,서울특별시 노원구 초안산로2라길 26 인덕센트럴아이파크상가 103-2호 1층 LG유플러스(월계동),000-0000-0026,127.057301,37.6302801
공릉2동_원자력병원점,서울특별시,노원구,서울특별시 노원구 공릉로46길 2 1층(공릉동),000-0000-0027,127.079365,37.6268078
공릉동_공릉역점,서울특별시,노원구,서울특별시 노원구 동일로 1077 (공릉동),000-0000-0028,127.072386,37.6260284
미아동_미아역5번출구점,서울특별시,강북구,"서울특별시 강북구 도봉로 187 1층 엘지유플러스 (미아동, 태근빌딩)",000-0000-0029,127.026145,37.6253985
미아동_삼양시장점,서울특별시,강북구,서울특별시 강북구 솔매로 59 (미아동),000-0000-0030,127.018726,37.6249943
갈현동_갈현초교,서울특별시,은평구,서울특별시 은평구 갈현로 259 (갈현동),000-0000-0031,126.915909,37.6201264
삼양동_솔샘시장점,서울특별시,강북구,서울특별시 강북구 솔샘로 235 (미아동),000-0000-0032,127.018872,37.6200299
장위동_북서울꿈의숲아이파크점,서울특별시,성북구,"서울특별시 성북구 돌곶이로40길 46 6동 1층 2,3호(장위동)",000-0000-0033,127.048559,37.6191028
갈현동_연신내로데오점,서울특별시,은평구,서울특별시 은평구 연서로29길 12 (갈현동),000-0000-0034,126.918855,37.6190653
대조동_연신내물빛공원점,서울특별시,은평구,서울특별시 은평구 통일로 843-2 1층 (대조동),000-0000-0035,126.921234,37.6185444
대조동_연신내역점,서울특별시,은평구,서울특별시 은평구 연서로 220 (대조동),000-0000-0036,126.920181,37.6180391
신내동_봉화산역3번출구점,서울특별시,중랑구,"서울특별시 중랑구 신내로 211 금강리빙스텔 1층 101호(신내동,금강리빙스텔아파트)",000-0000-0037,127.092878,37.6161846
월계동_석계역점,서울특별시,노원구,"서울특별시 노원구 석계로 9 1층(월계동,성문내과)",000-0000-0038,127.064391,37.6156806
월계1동_석계역점,서울특별시,노원구,서울특별시 노원구 석계로 2 (월계동),000-0000-0039,127.064776,37.615284
미아동_미아사거리역점,서울특별시,강북구,서울특별시 강북구 도봉로 45 (미아동),000-0000-0040,127.029618,37.6130812
미아동_미아사거리역3번출구점,서울특별시,강북구,서울특별시 강북구 도봉로 38-1 (미아동),000-0000-0041,127.030445,37.6124053
묵동_먹골역점,서울특별시,중랑구,서울특별시 중랑구 동일로 917 김시욱안과 1층 (묵동),000-0000-0042,127.077073,37.6121954
길음동_미아사거리이마트앞점,서울특별시,성북구,"서울특별시 성북구 도봉로 23 1층 1,2호(길음동,학동빌딩)",000-0000-0043,127.030014,37.6113693
하월곡동_방천시장입구점,서울특별시,성북구,서울특별시 성북구 오패산로 103 (하월곡동),000-0000-0044,127.034997,37.6112418
대조동_불광역점,서울특별시,은평구,서울특별시 은평구 불광로 29-1 (대조동),000-0000-0045,126.929079,37.6110082
역촌동_구산역점,서울특별시,은평구,"서울특별시 은평구 서오릉로 139 102, 103호 엘지유플러스",000-0000-0046,126.917448,37.6108294
석관동_석관시장점,서울특별시,성북구,서울특별시 성북구 돌곶이로 60 (석관동),000-0000-0047,127.05895,37.6092234
불광동_불광역2번출구점,서울특별시,은평구,서울특별시 은평구 진흥로 197 1동 1층 1호(불광동),000-0000-0048,126.931414,37.6091446
정릉동_정릉시장입구점,서울특별시,성북구,서울특별시 성북구 보국문로11길 11 1층 엘지유플러스 (정릉동),000-0000-0049,127.009231,37.6084173
길음동_길음래미안8단지점,서울특별시,성북구,"서울특별시 성북구 길음로 33 상가 A층 9호(길음동,길음뉴타운8단지아파트)",000-0000-0050,127.017963,37.6074343
신내동_신아타운점,서울특별시,중랑구,"서울특별시 중랑구 봉화산로 194 107호 (신내동, 신아타운)",000-0000-0051,127.094904,37.6064614
석관동_래미안아트리치점,서울특별시,성북구,"서울특별시 성북구 돌곶이로8길 22 상가 주상가 106호 (석관동, 래미안아트리치)",000-0000-0052,127.063375,37.6061037
길음동_길음역7번출구점,서울특별시,성북구,"서울특별시 성북구 길음로 6 1층 (길음동, 안산부인과)",000-0000-0053,127.024202,37.6042978
길음동_롯데캐슬점,서울특별시,성북구,서울특별시 성북구 길음로 11 1층 130호 (길음동),000-0000-0054,127.023375,37.6038295
하월곡동_월곡역3번출구점,서울특별시,성북구,서울특별시 성북구 화랑로11길 8 1동 1층(하월곡동),000-0000-0055,127.041584,37.6026984
응암동_은평구청사거리점,서울특별시,은평구,서울특별시 은평구 은평로 173 1층 엘지유플러스 (응암동),000-0000-0056,126.926812,37.6015915
중화동_중화역점,서울특별시,중랑구,"서울특별시 중랑구 봉화산로 40 1층(중화동,한훈빌딩)",000-0000-0057,127.07875,37.6013915
녹번동_녹번역점,서울특별시,은평구,서울특별시 은평구 은평로 233-1 (녹번동),000-0000-0058,126.933709,37.6011812
응암동_서부병원사거리점,서울특별시,은평구,서울특별시 은평구 응암로 323 (응암동),000-0000-0059,126.921843,37.6001738
망우동_망우사거리점,서울특별시,중랑구,"서울특별시 중랑구 망우로 420 LG유플러스 (망우동, 대원빌딩)",000-0000-0060,127.098768,37.5992053
종암동_종암주민센터점,서울특별시,성북구,서울특별시 성북구 종암로 99 (종암동),000-0000-0061,127.034109,37.5991599
역촌동_응암역점,서울특별시,은평구,서울특별시 은평구 은평로 63 (역촌동),000-0000-0062,126.914823,37.5990606
망우동_망우역점,서울특별시,중랑구,"서울특별시 중랑구 상봉로 134 삼부 1층 104호(망우동,삼부주상복합오피스텔)",000-0000-0063,127.093309,37.5980564
이문동_외대역점,서울특별시,동대문구,서울특별시 동대문구 휘경로 14 1층 엘지유플러스(이문동),000-0000-0064,127.061498,37.5956893
망우동_우림시장점,서울특별시,중랑구,서울특별시 중랑구 용마산로 497 (망우동),000-0000-0065,127.099692,37.5953393
상봉동_상봉역4번출구점,서울특별시,중랑구,"서울특별시 중랑구 면목로 481 1층 103호(상봉동,오렌지타워)",000-0000-0066,127.085661,37.5947465
중화동_중랑역점,서울특별시,중랑구,"서울특별시 중랑구 망우로 203 1층 (중화동, 동양엔파트)",000-0000-0067,127.074949,37.5939338
동선동_돈암점,서울특별시,성북구,서울특별시 성북구 동소문로 119 (동선동4가),000-0000-0068,127.01788,37.5938024
동선동1가_성신여대입구역점,서울특별시,성북구,서울특별시 성북구 동소문로20가길 4 (동선동1가),000-0000-0069,127.016884,37.5921447
동소문동_성북구청점,서울특별시,성북구,서울특별시 성북구 보문로 204 (동소문동5가),000-0000-0070,127.013555,37.5916406
회기동_회기역사거리점,서울특별시,동대문구,서울특별시 동대문구 이문로 29 (회기동),000-0000-0071,127.055923,37.5902951
응암동_응암오거리점,서울특별시,은평구,서울특별시 은평구 가좌로 227 1층 (응암동),000-0000-0072,126.916894,37.5900973
면목동_면목역점,서울특별시,중랑구,서울특별시 중랑구 면목로 414 (면목동),000-0000-0073,127.087704,37.5888976
홍제동_홍제역점,서울특별시,서대문구,서울특별시 서대문구 통일로 432-2 (홍제동),000-0000-0074,126.945621,37.5878529
응암동_대림시장점,서울특별시,은평구,서울특별시 은평구 응암로 173 1층 엘지유플러스 (응암동),000-0000-0075,126.916195,37.58752
증산동_증산역점,서울특별시,은평구,서울특별시 은평구 증산로 307 (증산동),000-0000-0076,126.909971,37.584524
명륜동_대명거리입구점,서울특별시,종로구,서울특별시 종로구 대명길 4 (명륜2가),000-0000-0077,127.001156,37.5837936
안암동5가_안암오거리점,서울특별시,성북구,"서울특별시 성북구 안암로 77 1층 LG유플러스(안암동5가,임충남치과의원)",000-0000-0078,127.029652,37.5831775
북가좌동_북가좌사거리점,서울특별시,서대문구,서울특별시 서대문구 응암로 108 (북가좌동),000-0000-0079,126.913326,37.5820849
청량리동_청량리역3번출구점,서울특별시,동대문구,서울특별시 동대문구 왕산로 209 1층 (청량리동),000-0000-0080,127.045999,37.5810101
면목동_사가정역점,서울특별시,중랑구,서울특별시 중랑구 사가정로52길 5 1층 (면목동),000-0000-0081,127.087604,37.5803654
면목동_사가정역4번출구점,서울특별시,중랑구,서울특별시 중랑구 용마산로51길 52 (면목동),000-0000-0082,127.089132,37.5803102
청량리동_금강제화점,서울특별시,동대문구,서울특별시 동대문구 왕산로 193 1층 (청량리동),000-0000-0083,127.044504,37.5802088
상암동_누리꿈점,서울특별시,마포구,"서울특별시 마포구 월드컵북로 396 100호(상암동,누리꿈스퀘어)",000-0000-0084,126.890257,37.5794165
면목동_면목시장점,서울특별시,중랑구,"서울특별시 중랑구 면목로 293 B동 1층 102호(면목동,KG TOWER)",000-0000-0085,127.086357,37.5790418
전농동_전농시장점,서울특별시,동대문구,서울특별시 동대문구 전농로 151 (전농동),000-0000-0086,127.057001,37.5783385
남가좌동_백련시장점,서울특별시,서대문구,서울특별시 서대문구 증가로 140 1층 엘지유플러스 (남가좌동),000-0000-0087,126.922002,37.5777303
내자동_경복궁점,서울특별시,종로구,서울특별시 종로구 자하문로 3 (내자동),000-0000-0088,126.972266,37.5764379
북가좌동_삼호아파트점,서울특별시,서대문구,서울특별시 서대문구 거북골로 148 1층 엘지유플러스 (북가좌동),000-0000-0089,126.913379,37.5754537
창신동_동묘역교차로점,서울특별시,종로구,서울특별시 종로구 지봉로 37-1 1층 (창신동),000-0000-0090,127.015306,37.5733143
방화동_방화사거리점,서울특별시,강서구,서울특별시 강서구 양천로 72 엘지유플러스 (방화동),000-0000-0091,126.811706,37.5731447
장안동_장안점,서울특별시,동대문구,서울특별시 동대문구 답십리로 309 (장안동),000-0000-0092,127.074701,37.5723823
창신동_동대문역2번출구점,서울특별시,종로구,서울특별시 종로구 종로 303 (창신동),000-0000-0093,127.011412,37.5720893
종로5가_종로5가역점,서울특별시,종로구,서울특별시 종로구 종로 236 (종로5가),000-0000-0094,127.003952,37.5707833
종로3가_탑골공원점,서울특별시,종로구,서울특별시 종로구 종로 117-1 (종로3가),000-0000-0095,126.990686,37.5706026
종로2가_종각역8번출구점,서울특별시,종로구,서울특별시 종로구 종로 65 1층(종로2가),000-0000-0096,126.984607,37.5704758
남가좌동_가좌역점,서울특별시,서대문구,서울특별시 서대문구 수색로 38 (남가좌동),000-0000-0097,126.914472,37.5698143
옥천동_영천시장점,서울특별시,서대문구,서울특별시 서대문구 통일로 177 1층 LG텔레콤 (옥천동),000-0000-0098,126.962806,37.5694255
신문로2가_광화문빌딩점,서울특별시,종로구,"서울특별시 종로구 새문안로 58 지하1층 (신문로2가, LG광화문빌딩)",000-0000-0099,126.971488,37.5693289
답십리동_현대시장점,서울특별시,동대문구,서울특별시 동대문구 전농로 35 (답십리동),000-0000-0100,127.056779,37.5682205
마곡동_마곡나루역1번출구점,서울특별시,강서구,"서울특별시 강서구 마곡중앙로 161-11 1층 제에이-122호(마곡동,힐스테이트에코마곡나루역)",000-0000-0101,126.826705,37.5679601
장안동_장한로사거리점,서울특별시,동대문구,서울특별시 동대문구 장한로 54 (장안동),000-0000-0102,127.067858,37.5657371
신당동_신당중앙시장점,서울특별시,중구,서울특별시 중구 퇴계로 432-1 (신당동),000-0000-0103,127.019606,37.5654751
강일동_리버파크점,서울특별시,강동구,"서울특별시 강동구 아리수로93길 9 1층(강일동,골드프라자)",000-0000-0104,127.174333,37.5652326
중곡동_골목시장점,서울특별시,광진구,서울특별시 광진구 면목로 131 (중곡동),000-0000-0105,127.080716,37.5652065
용답동_로데오점,서울특별시,성동구,서울특별시 성동구 용답중앙15길 11 (실로암약국) 1층(용답동),000-0000-0106,127.053516,37.5645279
마곡동_사이언스파크DP3(임직원용),서울특별시,강서구,"서울특별시 강서구 마곡중앙10로 30 사이언스파크 ISC동 지하1층 (마곡동, LG사이언스파크)",000-0000-0107,126.83121,37.5633807
신당동_떡볶이타운점,서울특별시,중구,서울특별시 중구 다산로 225 1층 (무학동),000-0000-0108,127.015338,37.5633763
장안동_장한평역점,서울특별시,동대문구,서울특별시 동대문구 장한로 3 (장안동),000-0000-0109,127.06455,37.5621349
도선동_왕십리역1번출구점,서울특별시,성동구,서울특별시 성동구 왕십리로 318 (도선동),000-0000-0110,127.034421,37.5621292
필동_대한극장점,서울특별시,중구,서울특별시 중구 퇴계로 220 1호 (충무로4가),000-0000-0111,126.996233,37.561512
가양동_가양대교점,서울특별시,강서구,서울특별시 강서구 화곡로 429 (가양동),000-0000-0112,126.855061,37.5615115
남대문로3가_남대문점,서울특별시,중구,서울특별시 중구 남대문로 28 (남창동),000-0000-0113,126.978746,37.5609153
행당동_한양대점,서울특별시,성동구,서울특별시 성동구 마조로 21 1층 (행당동),000-0000-0114,127.04086,37.5597846
마곡동_발산역점,서울특별시,강서구,서울특별시 강서구 강서로 381 (마곡동),000-0000-0115,126.838179,37.5595343
등촌동_등촌3동성당점,서울특별시,강서구,서울특별시 강서구 화곡로63길 139 1층 LG유플러스 신성빌딩 (등촌동),000-0000-0116,126.845344,37.5588142
창천동_신촌점,서울특별시,서대문구,"서울특별시 서대문구 연세로 27-1 1층 신촌동 (창천동, 대성빌딩)",000-0000-0117,126.936736,37.5580977
행당동_무학여고점,서울특별시,성동구,"서울특별시 성동구 고산자로 201 1층 (행당동, 세종빌딩)",000-0000-0118,127.033695,37.5580389
망원동_망원우체국점,서울특별시,마포구,서울특별시 마포구 월드컵로 103-1 (망원동),000-0000-0119,126.908205,37.5577182
동교동_홍대입구점,서울특별시,마포구,서울특별시 마포구 양화로 178-5 (동교동),000-0000-0120,126.925476,37.5576134
염창동_증미산점,서울특별시,강서구,서울특별시 강서구 양천로 583 우림블루나인 102호 유플러스 (염창동),000-0000-0121,126.864305,37.5571618
군자동_군자역점,서울특별시,광진구,서울특별시 광진구 천호대로 548 (군자동),000-0000-0122,127.078817,37.5568736
중곡동_군자역점,서울특별시,광진구,서울특별시 광진구 천호대로 573 LG유플러스 (중곡동),000-0000-0123,127.081816,37.5565923
망원동_망원역점,서울특별시,마포구,서울특별시 마포구 월드컵로 87 로얄프라자 1층 (망원동),000-0000-0124,126.909033,37.5564214
서교동_청기와사거리점,서울특별시,마포구,서울특별시 마포구 월드컵북로 7 (서교동),000-0000-0125,126.920645,37.555601
상일동_아르테온점,서울특별시,강동구,"서울특별시 강동구 고덕로 390 1층 (상일동, 유플러스(고덕아르테온아파트(상가1동)))",000-0000-0126,127.168742,37.5552037
명일동_고덕역이마트점,서울특별시,강동구,"서울특별시 강동구 동남로75길 19 1층 2호 (명일동, 명일빌딩)",000-0000-0127,127.155136,37.554123
신당동_약수시장점,서울특별시,중구,서울특별시 중구 동호로 174 (신당동),000-0000-0128,127.011715,37.5538712
화곡동_강서구청점,서울특별시,강서구,서울특별시 강서구 화곡로 322 1층 엘지유플러스 (화곡동),000-0000-0129,126.850609,37.5525321
구의동_아차산역점,서울특별시,광진구,서울특별시 광진구 천호대로 659 (구의동),000-0000-0130,127.089959,37.5522978
서계동_만리동고개점,서울특별시,용산구,서울특별시 용산구 만리재로 140-1 (서계동),000-0000-0131,126.962974,37.5517211
후암동_후암시장점,서울특별시,용산구,서울특별시 용산구 후암로30길 1 (후암동),000-0000-0132,126.977437,37.5503644
암사동_암사역점,서울특별시,강동구,"서울특별시 강동구 올림픽로 769 1층 (암사동, 삼정빌딩)",000-0000-0133,127.127153,37.5499394
등촌동_등촌역점,서울특별시,양천구,서울특별시 양천구 공항대로 562 1층(목동),000-0000-0134,126.867511,37.5490836
화곡동_우장산역점,서울특별시,강서구,"서울특별시 강서구 강서로 254 제상가동 1층 115호 (화곡동, 우장산아이파크이편한세상)",000-0000-0135,126.836879,37.548207
목동_염창역점,서울특별시,양천구,"서울특별시 양천구 목동중앙북로 73 1층 LG유플러스(목동,덕수프라자)",000-0000-0136,126.871351,37.5468535
명일동_굽은다리역점,서울특별시,강동구,"서울특별시 강동구 양재대로 1576 1층 (명일동, 삼익빌딩)",000-0000-0137,127.143408,37.5461368
성수동_성수역점,서울특별시,성동구,서울특별시 성동구 아차산로 96 신성빌딩 104호,000-0000-0138,127.054657,37.5445704
갈월동_숙대입구역점,서울특별시,용산구,서울특별시 용산구 한강대로 289 (갈월동),000-0000-0139,126.971951,37.5440472
화곡동_화곡본동시장점,서울특별시,강서구,서울특별시 강서구 화곡로 200 1층 (화곡동),000-0000-0140,126.843227,37.5433053
옥수동_옥수역점,서울특별시,성동구,서울특별시 성동구 독서당로40길 37 어울림상가 1층 엘지유플러스 (옥수동),000-0000-0141,127.018175,37.5422927
일상의틈_도화동_마포점,서울특별시,마포구,서울특별시 마포구 마포대로 67 애비뉴67 101호(도화동),000-0000-0142,126.948235,37.5417864
화곡동_화곡역7번출구점,서울특별시,강서구,서울특별시 강서구 강서로 171 (화곡동),000-0000-0143,126.839813,37.541778
화곡동_화곡역3번출구점,서울특별시,강서구,서울특별시 강서구 화곡로 176 LG유플러스 활재빌딩 (화곡동),000-0000-0144,126.841363,37.541726
자양동_건대로데오점,서울특별시,광진구,서울특별시 광진구 아차산로30길 7 1층 (자양동),000-0000-0145,127.067836,37.5403471
도화동_마포역점,서울특별시,마포구,서울특별시 마포구 도화길 10 1층 (에벤에셀) (도화동),000-0000-0146,126.947331,37.5397678
천호동_천호로데오점,서울특별시,강동구,서울특별시 강동구 천호대로157길 41 1층 (천호동),000-0000-0147,127.127509,37.5395957
자양동_건대입구역5번출구점,서울특별시,광진구,서울특별시 광진구 능동로 95 1층(자양동),000-0000-0148,127.070132,37.5395079
천호동_천호역5번출구점,서울특별시,강동구,서울특별시 강동구 천호대로 1021 (천호동),000-0000-0149,127.125731,37.538237
용문동_유스토리용문점,서울특별시,용산구,서울특별시 용산구 효창원로 98 (용문동),000-0000-0150,126.959587,37.5371058
길동_길동역점,서울특별시,강동구,"서울특별시 강동구 양재대로 1465 (길동, 마루홈타운)",000-0000-0151,127.139272,37.5368435
자양동_구의역점,서울특별시,광진구,서울특별시 광진구 아차산로 360 1층 (자양동),000-0000-0152,127.082439,37.5363105
신월동_신월사거리점,서울특별시,양천구,"서울특별시 양천구 가로공원로 105 104호 (신월동, 서문빌딩)",000-0000-0153,126.827493,37.53594
길동_길동사거리점,서울특별시,강동구,서울특별시 강동구 양재대로 1441 (길동),000-0000-0154,127.138351,37.5346822
당산동_당산역점,서울특별시,영등포구,서울특별시 영등포구 양평로 59 1층 LG U+ (당산동5가),000-0000-0155,126.899816,37.5346549
화곡동_화곡중앙시장점,서울특별시,강서구,"서울특별시 강서구 가로공원로76길 61 1층(화곡동,화곡빌딩)",000-0000-0156,126.838256,37.5343967
화곡동_까치시장점,서울특별시,강서구,서울특별시 강서구 강서로 64 1층(화곡동),000-0000-0157,126.845963,37.533425
자양동_신자양점,서울특별시,광진구,서울특별시 광진구 자양번영로 42 (자양동),000-0000-0158,127.075953,37.5333145
화곡동_남부시장점,서울특별시,강서구,서울특별시 강서구 등촌로5길 5 1층 엘지유플러스(화곡동),000-0000-0159,126.863115,37.533203
화곡동_까치산역1번출구점,서울특별시,강서구,서울특별시 강서구 강서로 52 (화곡동),000-0000-0160,126.846678,37.5324709
화곡동_까치산역3번출구점,서울특별시,강서구,서울특별시 강서구 강서로 45 1층 (화곡동),000-0000-0161,126.846385,37.5317587
화곡동_목동사거리점,서울특별시,강서구,서울특별시 강서구 등촌로 17 (화곡동),000-0000-0162,126.86348,37.5315637
성내동_둔촌역점,서울특별시,강동구,"서울특별시 강동구 양재대로 1371 (성내동,둔촌빌딩)",000-0000-0163,127.135897,37.5287564
신사동_압구정역점,서울특별시,강남구,서울특별시 강남구 압구정로 218 1층(신사동),000-0000-0164,127.031159,37.5282887
목동_현대목동CBS점,서울특별시,양천구,서울특별시 양천구 목동서로 159-1 1층(목동),000-0000-0165,126.874868,37.5282878
여의도동_트윈타워점,서울특별시,영등포구,서울특별시 영등포구 여의대로 128 서관 2층(여의도동),000-0000-0166,126.929748,37.5281446
성내동_둔촌시장점,서울특별시,강동구,"서울특별시 강동구 양재대로 1355 1층 4호(성내동,오스카빌딩)",000-0000-0167,127.135532,37.5273873
당산동_영등포구청점,서울특별시,영등포구,"서울특별시 영등포구 당산로 136-1 1층 (당산동3가, 일흥빌딩)",000-0000-0168,126.897111,37.5267508
신정동_목동역점,서울특별시,양천구,서울특별시 양천구 목동로 201 1층 목동역 2번출구앞 (신정동),000-0000-0169,126.863931,37.5263654
신정동_신정역점,서울특별시,양천구,서울특별시 양천구 오목로 193 1층(신정동),000-0000-0170,126.858842,37.5256116
신사동_압구정점,서울특별시,강남구,서울특별시 강남구 압구정로 144 (신사동),000-0000-0171,127.024585,37.5249385
신월동_신월7동점,서울특별시,양천구,서울특별시 양천구 지양로 73 (신월동),000-0000-0172,126.833543,37.5219654
신정동_신정네거리역2번출구점,서울특별시,양천구,서울특별시 양천구 신월로 282 (신정동),000-0000-0173,126.85212,37.5210262
영등포동_영등포시장점,서울특별시,영등포구,서울특별시 영등포구 영중로 52-1 (영등포동5가),000-0000-0174,126.90514,37.5208561
여의도동_아일렉스점,서울특별시,영등포구,"서울특별시 영등포구 의사당대로 108 105호 (여의도동, 아일렉스)",000-0000-0175,126.923952,37.5204645
신정동_신정네거리역4번출구점,서울특별시,양천구,서울특별시 양천구 중앙로 258 (신정동),000-0000-0176,126.853469,37.5194332
문래동_문래힐스테이트점,서울특별시,영등포구,"서울특별시 영등포구 선유로 59 1층 101호 102호(문래동6가,문래아카데미)",000-0000-0177,126.888943,37.519256
이촌동_이촌점,서울특별시,용산구,"서울특별시 용산구 이촌로 248 31동 102호 (이촌동, 한강맨션)",000-0000-0178,126.975286,37.5192255
문래동_문래점,서울특별시,영등포구,"서울특별시 영등포구 문래로 92 103호(문래동3가,대소빌딩)",000-0000-0179,126.89219,37.519214
영등포동_타임스퀘어점,서울특별시,영등포구,서울특별시 영등포구 영중로 22 (신세계 백화점 맞은편 금강제화 바로 옆 (영등포동3가),000-0000-0180,126.905935,37.5183249
신월동_신곡시장점,서울특별시,양천구,"서울특별시 양천구 신월로 164 승일뷰티타워2 1층 105호(신월동,승일뷰티타워2)",000-0000-0181,126.841991,37.5176883
신천동_잠실역9번출구점,서울특별시,송파구,"서울특별시 송파구 올림픽로 329 종합상가 1층 128,129호(신천동,잠실 르엘아파트)",000-0000-0182,127.106874,37.5173253
논현동_강남구청역,서울특별시,강남구,"서울특별시 강남구 학동로 337 1층 (논현동, H타워)",000-0000-0183,127.039808,37.5170147
영등포동_영등포역점,서울특별시,영등포구,서울특별시 영등포구 영신로19길 5 (영등포동),000-0000-0184,126.907286,37.5143166
노량진동_노량진컵밥거리점,서울특별시,동작구,서울특별시 동작구 노량진로 162 (노량진동),000-0000-0185,126.943901,37.513367
삼성1동_코엑스점,서울특별시,강남구,"서울특별시 강남구 영동대로 513 지하1층 J110호(삼성동,코엑스)",000-0000-0186,127.058796,37.512502
신길동_대신시장점,서울특별시,영등포구,서울특별시 영등포구 도신로 229 (신길동),000-0000-0187,126.916484,37.5121791
문정동_방이시장점,서울특별시,송파구,"서울특별시 송파구 백제고분로 466 1층 (방이동, 세나빌딩)",000-0000-0188,127.113551,37.5119311
잠원동_잠원역점,서울특별시,서초구,"서울특별시 서초구 잠원로4길 50 잠원역메이플프라자동 1층 2-111호(잠원동,메이플 자이 근린생활시설)",000-0000-0189,127.012354,37.5116415
일상의틈_잠실동_잠실새내역4번출구점,서울특별시,송파구,"서울특별시 송파구 올림픽로 124 1~2층(잠실동,환산빌딩)",000-0000-0190,127.084312,37.5113606
잠실동_잠실새내새마을시장점,서울특별시,송파구,"서울특별시 송파구 석촌호수로 74 1층 101-1호(잠실동,잠실엘타워)",000-0000-0191,127.085419,37.5098732
신도림동_신도림역점,서울특별시,구로구,서울특별시 구로구 경인로 661 LG유플러스 (롯데리아 옆),000-0000-0192,126.888347,37.509831
반포동_논현역4번출구점,서울특별시,서초구,"서울특별시 서초구 강남대로 523 1층 102호(반포동,성창빌딩)",000-0000-0193,127.022035,37.508766
흑석동_중앙대점,서울특별시,동작구,서울특별시 동작구 흑석로 110-1 (흑석동),000-0000-0194,126.961447,37.5082655
역삼동_선릉역7번출구점,서울특별시,강남구,서울특별시 강남구 선릉로 507 1동 1층(역삼동),000-0000-0195,127.04851,37.5050013
상도동_장승배기역3번출구점,서울특별시,동작구,"서울특별시 동작구 상도로 174 1층(상도동,동서남북빌딩)",000-0000-0196,126.938377,37.5042911
반포동_원베일리점,서울특별시,서초구,"서울특별시 서초구 반포대로 291 1층 141호(반포동,원베일리 스퀘어)",000-0000-0197,127.000749,37.5039475
삼전동_삼전역점,서울특별시,송파구,서울특별시 송파구 백제고분로 202 1층 101호(삼전동),000-0000-0198,127.088997,37.5037888
역삼동_선릉역점,서울특별시,강남구,"서울특별시 강남구 선릉로 425 1층(역삼동,금원빌딩)",000-0000-0199,127.049402,37.5029556
삼전동_백제고분로점,서울특별시,송파구,서울특별시 송파구 백제고분로 262 1층 (삼전동),000-0000-0200,127.095385,37.5022252
역삼동_역삼역점,서울특별시,강남구,"서울특별시 강남구 논현로 511 1층(역삼동,에이치에스빌딩)",000-0000-0201,127.035955,37.5022215
석촌동_엄마손백화점점,서울특별시,송파구,"서울특별시 송파구 가락로 111 1층 (석촌동, 영보빌딩)",000-0000-0202,127.10831,37.5015565
석촌동_송파역점,서울특별시,송파구,서울특별시 송파구 송파대로 367 1층(석촌동),000-0000-0203,127.110955,37.5004999
상도동_성대시장점,서울특별시,동작구,서울특별시 동작구 상도로 102 외 2필지 (상도동),000-0000-0204,126.932025,37.4998546
신길동_신풍역비스타동원점,서울특별시,영등포구,"서울특별시 영등포구 신풍로 28 비스타원동 1층 123호(신길동,비스타동원)",000-0000-0205,126.909543,37.4997942
대방동_신대방삼거리역1번출구점,서울특별시,동작구,서울특별시 동작구 상도로 80 LG유플러스 (대방동),000-0000-0206,126.929345,37.4995377
신길6동_보라매점,서울특별시,영등포구,서울특별시 영등포구 여의대방로 135 (신길동),000-0000-0207,126.92005,37.4991712
일상의틈_역삼동_강남역12번출구점,서울특별시,강남구,"서울특별시 강남구 테헤란로 107 1층 (역삼동, 메디타워)",000-0000-0208,127.028637,37.4986915
대치4동_한티역점,서울특별시,강남구,서울특별시 강남구 선릉로 320 (대치동),000-0000-0209,127.052192,37.4982693
가락동_개롱역점,서울특별시,송파구,"서울특별시 송파구 오금로 400 102~3호(가락동,아람빌딩)",000-0000-0210,127.134767,37.4977994
거여동_마천사거리점,서울특별시,송파구,서울특별시 송파구 거마로 51 (거여동),000-0000-0211,127.145951,37.4976782
대치동_한티역 롯데백화점점,서울특별시,강남구,"서울특별시 강남구 도곡로 405 1층 112/113호(대치동,삼환 아르누보2)",000-0000-0212,127.054623,37.4974213
상도동_숭실대입구점,서울특별시,동작구,서울특별시 동작구 상도로 352 1층(상도동),000-0000-0213,126.952598,37.4969907
서초2동_강남역6번출구점,서울특별시,서초구,"서울특별시 서초구 강남대로 375 101호(서초동,서초현대타워아파트)",000-0000-0214,127.027788,37.4964212
오류동_오류역점,서울특별시,구로구,서울특별시 구로구 경인로 199-2 (오류동),000-0000-0215,126.843157,37.4959938
대치동_대치역1번출구점,서울특별시,강남구,"서울특별시 강남구 남부순환로 2927 1동 1층 104호(대치동,대치 클래시아)",000-0000-0216,127.06006,37.4938417
대치동_대치역7번출구점,서울특별시,강남구,"서울특별시 강남구 삼성로 155 1층(대치동,대치퍼스트빌딩)",000-0000-0217,127.062921,37.4938132
서초1동_교대역점,서울특별시,서초구,"서울특별시 서초구 서초대로 302 1층 (서초동, 인앤인오피스)",000-0000-0218,127.014568,37.4936753
개봉동_개봉역점,서울특별시,구로구,서울특별시 구로구 개봉로20길 66 407-15 (개봉동),000-0000-0219,126.858089,37.4933369
대림동_대림역11번출구점,서울특별시,영등포구,"서울특별시 영등포구 도림로 144 1층 106호(대림동,88월드타워)",000-0000-0220,126.898085,37.4933156
대림3동_대림역9번출구점,서울특별시,영등포구,"서울특별시 영등포구 도림로 135 LG유플러스 (대림동, 건설빌딩)",000-0000-0221,126.896887,37.4932064
거여동_거여역점,서울특별시,송파구,서울특별시 송파구 오금로 512 (거여동),000-0000-0222,127.145308,37.4926784
오류동_오류점,서울특별시,구로구,서울특별시 구로구 오류로8길 60 (오류동),000-0000-0223,126.843719,37.4922464
가락본동_문정로데오점,서울특별시,송파구,"서울특별시 송파구 중대로12길 35 상가 1층 (가락동, 가락우성2차아파트)",000-0000-0224,127.125496,37.4918629
구로동_구로4동주민센터점,서울특별시,구로구,"서울특별시 구로구 구로동로28길 86 1층(구로동,동진약국)",000-0000-0225,126.888759,37.4913789
대림동_대림공원사거리점,서울특별시,영등포구,"서울특별시 영등포구 디지털로54길 3 1층 (대림동, 동보빌딩)",000-0000-0226,126.901719,37.4904805
구로동_대림역점,서울특별시,구로구,서울특별시 구로구 도림로 85 (구로동),000-0000-0227,126.892594,37.4904274
신대방동_대림사거리점,서울특별시,동작구,서울특별시 동작구 시흥대로 658 신대방동 607-5번지 (신대방동),000-0000-0228,126.908085,37.4903416
보라매동_보라매점,서울특별시,관악구,서울특별시 관악구 봉천로 217-1 1층 (봉천동),000-0000-0229,126.925951,37.4901471
구로동_구로시장점,서울특별시,구로구,서울특별시 구로구 구로동로 120 1층(구로동),000-0000-0230,126.884522,37.4893205
개포동_개포동역점,서울특별시,강남구,"서울특별시 강남구 개포로 506 1층 108,109호(개포동,청우빌딩)",000-0000-0231,127.067496,37.4891255
구로동_구로시장맞은편점,서울특별시,구로구,서울특별시 구로구 구로동로 109 (구로동),000-0000-0232,126.884308,37.4884553
사당2동_이수역14번출구점,서울특별시,동작구,서울특별시 동작구 동작대로 127 1층 LG유플러스 총신대 (사당동),000-0000-0233,126.981912,37.4879441
문정동_문정중점,서울특별시,송파구,서울특별시 송파구 새말로19길 20 102호 (문정동),000-0000-0234,127.131266,37.4875589
봉천동_현대시장점,서울특별시,관악구,서울특별시 관악구 은천로 105 (봉천동),000-0000-0235,126.947143,37.4871224
신림동_신대방역사거리점,서울특별시,관악구,"서울특별시 관악구 난곡로 367 1층 (신림동, 경신빌딩)",000-0000-0236,126.913313,37.4867055
은천동_은천길점,서울특별시,관악구,"서울특별시 관악구 은천로 37 1층 (봉천동, 정암빌딩)",000-0000-0237,126.9395,37.4863437
신림동_르네상스쇼핑몰점,서울특별시,관악구,서울특별시 관악구 신림로 358-1 LG유플러스 (신림동),000-0000-0238,126.929573,37.486221
봉천동_서울대입구역점,서울특별시,관악구,서울특별시 관악구 관악로 231 1층 (봉천동),000-0000-0239,126.955478,37.4852248
구로동_남구로역5번출구점,서울특별시,구로구,서울특별시 구로구 도림로 5 1층 (구로동),000-0000-0240,126.886281,37.4852137
서초1동_남부터미널점,서울특별시,서초구,서울특별시 서초구 효령로 289 1층 (서초동),000-0000-0241,127.015889,37.4851517
신림동_신림역점,서울특별시,관악구,서울특별시 관악구 남부순환로 1601 (신림동),000-0000-0242,126.928455,37.4843462
문정동_문정역법조타운점,서울특별시,송파구,"서울특별시 송파구 송파대로 141 101동 1층 122호(문정동,르피에드)",000-0000-0243,127.122656,37.4840722
구로동_구로디지털단지역점,서울특별시,구로구,서울특별시 구로구 시흥대로 571 1층 엘지유플러스 (구로동),000-0000-0244,126.901727,37.4840113
사당동_남성역점,서울특별시,동작구,서울특별시 동작구 사당로 218-1 .,000-0000-0245,126.97211,37.4839687
서원동_신림중앙점,서울특별시,관악구,서울특별시 관악구 남부순환로 1596 신림동 1639-23 (신림동),000-0000-0246,126.927992,37.4837783
양재1동_양재역점,서울특별시,서초구,"서울특별시 서초구 강남대로 221 1층 112-1호(양재동,양재역환승주차장)",000-0000-0247,127.034307,37.4834001
방배1동_방배로점,서울특별시,서초구,서울특별시 서초구 방배로 100 (스무디킹방배역점) 1층(방배동),000-0000-0248,126.996747,37.4832604
가리봉동_가리봉시장점,서울특별시,구로구,서울특별시 구로구 구로동로 9 (가리봉동),000-0000-0249,126.886827,37.4827004
봉천동_봉천역점,서울특별시,관악구,서울특별시 관악구 남부순환로 1741 1층(봉천동),000-0000-0250,126.943642,37.4825526
행운동_봉천로사거리점,서울특별시,관악구,서울특별시 관악구 관악로 194 (봉천동),000-0000-0251,126.953727,37.4822508
서원동_신림로점,서울특별시,관악구,서울특별시 관악구 신림로 313 (신림동),000-0000-0252,126.929667,37.4822206
신림동_디지털단지입구교차로점,서울특별시,관악구,"서울특별시 관악구 시흥대로 548 LG유플러스 (신림동, 남문빌딩)",000-0000-0253,126.901075,37.4817673
난곡동_난곡사거리점,서울특별시,관악구,서울특별시 관악구 난곡로 310 (신림동),000-0000-0254,126.914755,37.4815258
사당동_사당점,서울특별시,동작구,서울특별시 동작구 동작대로 45 1층(사당동),000-0000-0255,126.981405,37.480781
가산동_가산디지털단지점,서울특별시,금천구,"서울특별시 금천구 가산디지털1로 168 A동 1층(가산동,우림라이온스밸리)",000-0000-0256,126.88249,37.479876
봉천동_쑥고개로점,서울특별시,관악구,"서울특별시 관악구 쑥고개로 73 1층 101호(봉천동,신화골든타워)",000-0000-0257,126.944582,37.4796068
신림동_신원시장점,서울특별시,관악구,서울특별시 관악구 문성로 219 1층 (신림동),000-0000-0258,126.928268,37.4795077
가산동_디지털단지오거리점,서울특별시,금천구,서울특별시 금천구 디지털로 212 1층 LG유플러스 (가산동),000-0000-0259,126.889795,37.4790812
개포4동_국민은행삼거리점,서울특별시,강남구,"서울특별시 강남구 개포로 229 1층 (개포동, 정원빌딩)",000-0000-0260,127.047747,37.4790077
장지동_위례신도시점,서울특별시,송파구,"서울특별시 송파구 위례광장로 136 3동 1층 129호(장지동,위례아이파크)",000-0000-0261,127.142214,37.4771038
남현동_관악점,서울특별시,관악구,서울특별시 관악구 남현길 8 1동 1층(남현동),000-0000-0262,126.977393,37.4761131
남현동_사당역5번출구점,서울특별시,관악구,서울특별시 관악구 과천대로 955 삼오빌딩 동 1층 (남현동),000-0000-0263,126.981157,37.4759426
인헌동_낙성대입구역점,서울특별시,관악구,서울특별시 관악구 남부순환로 1952 (봉천동),000-0000-0264,126.965635,37.4759299
가산동_하모니마트점,서울특별시,금천구,서울특별시 금천구 가산로 113 1층(가산동),000-0000-0265,126.892773,37.4757863
장지동_위례중앙점,서울특별시,송파구,"서울특별시 송파구 위례광장로 290 중앙푸르지오2단지 상가동 1층 101호(장지동,위례중앙푸르지오2단지)",000-0000-0266,127.142798,37.4749136
미성동_미성점,서울특별시,관악구,서울특별시 관악구 난곡로 229 (신림동),000-0000-0267,126.916674,37.4747066
난곡동_세이브마트점,서울특별시,관악구,서울특별시 관악구 난우길 10 1층(신림동),000-0000-0268,126.918856,37.4739784
독산동_남문시장점,서울특별시,금천구,서울특별시 금천구 독산로87길 2 (독산동),000-0000-0269,126.902579,37.4725062
난곡동_난곡점,서울특별시,관악구,서울특별시 관악구 난곡로 194 1층(신림동),000-0000-0270,126.91965,37.472267
독산동_독산사거리점,서울특별시,금천구,서울특별시 금천구 시흥대로 427 (독산동),000-0000-0271,126.897753,37.4716912
신림동_서울대벤처타운역점,서울특별시,관악구,서울특별시 관악구 신림로 136 1층 (신림동),000-0000-0272,126.934651,37.4716908
독산동_독산홈플러스점,서울특별시,금천구,서울특별시 금천구 시흥대로 406 LG유플러스 (독산동),000-0000-0273,126.898378,37.4696735
양재동_양재시민의숲역3번출구점,서울특별시,서초구,"서울특별시 서초구 강남대로 48-6 1층 엘지유플러스(양재동,한속빌딩)",000-0000-0274,127.040009,37.4691174
독산동_독산4동주민센터점,서울특별시,금천구,서울특별시 금천구 독산로 246 .,000-0000-0275,126.902471,37.4686949
독산2동_독산2호점,서울특별시,금천구,서울특별시 금천구 독산로 200 1층(독산동),000-0000-0276,126.902849,37.4648389
시흥1동_시흥2호점,서울특별시,금천구,서울특별시 금천구 독산로 137 (시흥동),000-0000-0277,126.904732,37.4595876
시흥1동_시흥사거리점,서울특별시,금천구,서울특별시 금천구 시흥대로 232 LG유플러스 (시흥동),000-0000-0278,126.90093,37.4545838
시흥동_시흥홈플러스점,서울특별시,금천구,서울특별시 금천구 시흥대로 211 (시흥동),000-0000-0279,126.90091,37.4526827
시흥동_금빛공원점,서울특별시,금천구,서울특별시 금천구 독산로 54 1층 (시흥동),000-0000-0280,126.906189,37.4519573
시흥5동_은행나무사거리점,서울특별시,금천구,서울특별시 금천구 금하로 711 LG유플러스 (시흥동),000-0000-0281,126.909004,37.4511125
담양읍_터미널점,전남광주통합특별시,담양군,전남광주통합특별시 담양군 담양읍 중앙로 32-1 1층(지침리),000-0000-0282,126.983646,35.3161761
월계동_월계우체국점,전남광주통합특별시,광산구,전남광주통합특별시 광산구 첨단중앙로116번길 8 엘지유플러스 (월계동),000-0000-0283,126.843039,35.2156647
월계동_컨벤션점,전남광주통합특별시,광산구,전남광주통합특별시 광산구 첨단중앙로 102 컨벤션센터빌딩 1층 엘지유플러스 (월계동),000-0000-0284,126.843383,35.2142951
월계동_엘씨타워점,전남광주통합특별시,광산구,전남광주통합특별시 광산구 첨단중앙로 96 109호 엘지유플러스 (월계동),000-0000-0285,126.843493,35.2138265
양산동_희망병원점,전남광주통합특별시,북구,전남광주통합특별시 북구 하서로 427 1층 LG유플러스 (용두동),000-0000-0286,126.874653,35.213052
양산동_광주은행사거리점,전남광주통합특별시,북구,전남광주통합특별시 북구 하서로 402 (양산동),000-0000-0287,126.874547,35.2107985
양산동_택지사거리점,전남광주통합특별시,북구,전남광주통합특별시 북구 양산로 51 1층 102호 엘지유플러스 (양산동),000-0000-0288,126.879972,35.2104976
구례읍_구례경찰서점,전남광주통합특별시,구례군,전라남도 구례군 구례읍 로터리길 2 .,000-0000-0289,127.464655,35.2086991
신용동_첨단2지구점,전남광주통합특별시,북구,전남광주통합특별시 북구 첨단연신로107번길 5 1층 (신용동),000-0000-0290,126.863614,35.2073344
일곡동_우체국사거리점,전남광주통합특별시,북구,전남광주통합특별시 북구 설죽로 518 (일곡동),000-0000-0291,126.898111,35.2054759
일곡동_광주은행점,전남광주통합특별시,북구,전남광주통합특별시 북구 설죽로 506 (일곡동),000-0000-0292,126.898354,35.2045027
신창동_신창사거리점,전남광주통합특별시,광산구,"전남광주통합특별시 광산구 신창로 122 1층 (신창동, 청송빌딩)",000-0000-0293,126.838565,35.1960274
장덕동_성덕중4거리점,전남광주통합특별시,광산구,전남광주통합특별시 광산구 풍영로 257 (장덕동),000-0000-0294,126.815279,35.1943985
수완동_국민은행사거리점,전남광주통합특별시,광산구,전남광주통합특별시 광산구 임방울대로 348 1층 103호 (수완동),000-0000-0295,126.824422,35.1910862
수완동_하나로점,전남광주통합특별시,광산구,전남광주통합특별시 광산구 장신로147번길 6-2 1층 105호 일부 (수완동),000-0000-0296,126.826651,35.1909993
신창동_신창우체국사거리점,전남광주통합특별시,광산구,"전남광주통합특별시 광산구 신창로 64 1층 107호 (신창동, 프뤼몰타운)",000-0000-0297,126.837455,35.1909694
장덕동_호수공원점,전남광주통합특별시,광산구,전남광주통합특별시 광산구 장신로 82 (장덕동),000-0000-0298,126.818757,35.1904378
수완동_엔제리너스점,전남광주통합특별시,광산구,전남광주통합특별시 광산구 임방울대로 334 (수완동),000-0000-0299,126.824205,35.1897789
매곡동_광주공고점,전남광주통합특별시,북구,전남광주통합특별시 북구 설죽로 333 (매곡동),000-0000-0300,126.898527,35.18927
매곡동_북부서사거리점,전남광주통합특별시,북구,전남광주통합특별시 북구 설죽로315번길 1 1층 102호 (매곡동),000-0000-0301,126.898155,35.1876292
오치동_주공점,전남광주통합특별시,북구,전남광주통합특별시 북구 서하로 196 1층 LG유플러스 (오치동),000-0000-0302,126.901889,35.1870555
문흥동_문흥사거리점,전남광주통합특별시,북구,전남광주통합특별시 북구 서하로 366 (문흥동),000-0000-0303,126.920215,35.1860867
신가동_신가지구사거리점,전남광주통합특별시,광산구,전남광주통합특별시 광산구 신창로 1 (신가동),000-0000-0304,126.836818,35.1853982
운암동_예술고사거리점,전남광주통합특별시,북구,전남광주통합특별시 북구 서강로 108 엘지유플러스 (운암동),000-0000-0305,126.873265,35.1810887
월곡동_월드드림랜드점,전남광주통합특별시,광산구,"전남광주통합특별시 광산구 풍영로 83 1동 1층 116호 (월곡동, 우석빌딩)",000-0000-0306,126.810911,35.1794563
신가동_주공1단지점,전남광주통합특별시,광산구,전남광주통합특별시 광산구 하남대로 289-1 (신가동),000-0000-0307,126.825369,35.179316
두암동_홈플러스점,전남광주통합특별시,북구,전남광주통합특별시 북구 동문대로 186 (두암동),000-0000-0308,126.92963,35.1786836
운암동_한미쇼핑점,전남광주통합특별시,북구,전남광주통합특별시 북구 북문대로 97 (운암동),000-0000-0309,126.876321,35.1784059
두암동_무등도서관점,전남광주통합특별시,북구,전남광주통합특별시 북구 동문대로 157 엘지유플러스 (두암동),000-0000-0310,126.927755,35.1768527
산정동_우체국점,전남광주통합특별시,광산구,전남광주통합특별시 광산구 손재로110번길 42 1층 엘지유플러스 (산정동),000-0000-0311,126.799326,35.1759403
동천동_주민센터점,전남광주통합특별시,서구,전남광주통합특별시 서구 유림로 100 (혜천빌딩) (동천동),000-0000-0312,126.86407,35.1713891
우산동_말바우점,전남광주통합특별시,북구,전남광주통합특별시 북구 서방로 89 (우산동),000-0000-0313,126.92237,35.171297
신안동_전남대정문점,전남광주통합특별시,북구,전남광주통합특별시 북구 자미로 56 1층 (신안동),000-0000-0314,126.904543,35.1709145
월곡동_월곡지구대점,전남광주통합특별시,광산구,전남광주통합특별시 광산구 사암로 266-1 LG유플러스 (월곡동),000-0000-0315,126.809214,35.1681237
유촌동_버들마을점,전남광주통합특별시,서구,"전남광주통합특별시 서구 상무버들로 28 1층 (유촌동, 재민빌딩)",000-0000-0316,126.860371,35.1646067
산수동_두암타운점,전남광주통합특별시,동구,전남광주통합특별시 동구 갈마로 46 엘지유플러스 (산수동),000-0000-0317,126.935419,35.161471
쌍촌동_518기념공원점,전남광주통합특별시,서구,"전남광주통합특별시 서구 상무민주로 99-1 1층 (쌍촌동, 오양빌딩)",000-0000-0318,126.859173,35.1594495
치평동_119안전센터점,전남광주통합특별시,서구,전남광주통합특별시 서구 상무중앙로 71 (치평동),000-0000-0319,126.847814,35.1531713
농성동_돌고개점,전남광주통합특별시,서구,전남광주통합특별시 서구 월산로 161 (농성동),000-0000-0320,126.895204,35.1520864
선암동_호남대점,전남광주통합특별시,광산구,전남광주통합특별시 광산구 어등대로 418 (선암동),000-0000-0321,126.769171,35.1487195
황금동_NCWAVE점,전남광주통합특별시,동구,전남광주통합특별시 동구 중앙로 166 (황금동),000-0000-0322,126.913909,35.1486221
치평동_상무역점,전남광주통합특별시,서구,"전남광주통합특별시 서구 상무평화로 79 (치평동, 팔복빌딩)",000-0000-0323,126.847823,35.148331
금남로2가_충장서림점,전남광주통합특별시,동구,전남광주통합특별시 동구 금남로 238 1층 (금남로2가),000-0000-0324,126.917618,35.1482912
충장로_우체국점,전남광주통합특별시,동구,전남광주통합특별시 동구 충장로 93-3 충장로2가 우체국앞 (충장로2가),000-0000-0325,126.917377,35.1477593
화정동_대주피오레점,전남광주통합특별시,서구,전남광주통합특별시 서구 화정로 126 대주피오레상가 2동 101호 (화정동),000-0000-0326,126.870875,35.1444101
화정동_염주사거리점,전남광주통합특별시,서구,전남광주통합특별시 서구 염화로 89 (화정동),000-0000-0327,126.874335,35.1424668
송정동_영광통사거리점,전남광주통합특별시,광산구,전남광주통합특별시 광산구 상무대로 258 (송정동),000-0000-0328,126.795154,35.1414295
송정동_송정우체국점,전남광주통합특별시,광산구,전남광주통합특별시 광산구 송정로1번길 88 (송정동),000-0000-0329,126.795553,35.139943
금호동_시영5단지점,전남광주통합특별시,서구,전남광주통합특별시 서구 운천로 34 엘지유플러스 (금호동),000-0000-0330,126.859587,35.1357714
주월동_주월주민센터점,전남광주통합특별시,남구,전남광주통합특별시 남구 회재로 1231 (주월동),000-0000-0331,126.89548,35.1340144
금호동_서구문화센터점,전남광주통합특별시,서구,전남광주통합특별시 서구 운천로 2 (금호동),000-0000-0332,126.859724,35.1328963
주월동_남구청점,전남광주통합특별시,남구,전남광주통합특별시 남구 봉선로 2 1필지 (주월동),000-0000-0333,126.901703,35.1326316
금호동_남양파크점,전남광주통합특별시,서구,"전남광주통합특별시 서구 금화로 88 1층 103호 (금호동, 국승빌딩)",000-0000-0334,126.858266,35.131903
학동_학운점,전남광주통합특별시,동구,전남광주통합특별시 동구 남문로 687 (학동),000-0000-0335,126.928475,35.1318305
금호동_종원팰리스빌점,전남광주통합특별시,서구,"전남광주통합특별시 서구 화개1로79번길 3 1동 1층 107호 (금호동, 신화빌딩)",000-0000-0336,126.854922,35.1309436
풍암동_우미광장점,전남광주통합특별시,서구,전남광주통합특별시 서구 풍암2로 20 1층 (풍암동),000-0000-0337,126.88012,35.1259869
봉선동_삼익사거리점,전남광주통합특별시,남구,전남광주통합특별시 남구 봉선중앙로 54 1층 (봉선동),000-0000-0338,126.911519,35.1258971
진월동_비스포점,전남광주통합특별시,남구,전남광주통합특별시 남구 서문대로 739 (주월동),000-0000-0339,126.897762,35.1253183
봉선동_이마트점,전남광주통합특별시,남구,전남광주통합특별시 남구 봉선로 184 이바돔 LG유플러스 (봉선동),000-0000-0340,126.915209,35.1227991
진월동_궁전제과점,전남광주통합특별시,남구,전남광주통합특별시 남구 서문대로701번길 2 (진월동),000-0000-0341,126.898096,35.1221548
화순읍_국민은행사거리점,전남광주통합특별시,화순군,전라남도 화순군 화순읍 중앙로 95 (가인빌딩),000-0000-0342,126.991934,35.0606353
화순읍_고인돌시장점,전남광주통합특별시,화순군,전라남도 화순군 화순읍 시장길 48 1층(삼천리),000-0000-0343,126.983274,35.0599313
중앙동_중앙로점,전남광주통합특별시,나주시,전라남도 나주시 중앙로 38-1 (중앙동),000-0000-0344,126.719682,35.0326905
빛가람동_나주혁신점,전남광주통합특별시,나주시,전라남도 나주시 전력로 2 1층 101-2호(빛가람동),000-0000-0345,126.785419,35.0215762
광양읍_백운마트점,전남광주통합특별시,광양시,전라남도 광양시 광양읍 칠성로 49,000-0000-0346,127.583868,34.9791698
용당동_사거리점,전남광주통합특별시,순천시,전라남도 순천시 삼산로 94 (용당동),000-0000-0347,127.493601,34.9727819
광양읍_광양병원점,전남광주통합특별시,광양시,전라남도 광양시 광양읍 인덕로 987 .,000-0000-0348,127.581377,34.9706999
왕지동_법원점,전남광주통합특별시,순천시,"전라남도 순천시 왕지로 12 1층(왕지동,유신빌딩)",000-0000-0349,127.523422,34.9696378
광양읍_오성맨션점,전남광주통합특별시,광양시,전라남도 광양시 광양읍 대림오성로 140 .,000-0000-0350,127.577042,34.9647264
조례동_사거리점,전남광주통합특별시,순천시,전라남도 순천시 봉화2길 87 (조례동),000-0000-0351,127.517824,34.9605128
조례동_홈플러스점,전남광주통합특별시,순천시,전라남도 순천시 신월큰길 1-4 (조례동),000-0000-0352,127.520812,34.960428
중앙동_웃장본점,전남광주통합특별시,순천시,전라남도 순천시 중앙6길 20 1층(중앙동),000-0000-0353,127.484757,34.9566649
조례동_왕조2동주민센터점,전남광주통합특별시,순천시,전라남도 순천시 왕궁길 47 (조례동),000-0000-0354,127.531935,34.9551339
조례동_국민은행사거리점,전남광주통합특별시,순천시,"전라남도 순천시 이수로 329 1층(조례동,LG 전자)",000-0000-0355,127.519678,34.9542404
남내동_중앙시장본점,전남광주통합특별시,순천시,"전라남도 순천시 중앙로 90 1층(남내동,다이소)",000-0000-0356,127.484159,34.9535575
연향동_국민은행점,전남광주통합특별시,순천시,전라남도 순천시 연향번영길 147 (연향동),000-0000-0357,127.518599,34.9531453
연향동_스타벅스점,전남광주통합특별시,순천시,전라남도 순천시 연향번영길 118 (연향동),000-0000-0358,127.519009,34.9522512
연향동_패션거리점,전남광주통합특별시,순천시,전라남도 순천시 연향중앙상가길 19 .,000-0000-0359,127.519806,34.9519414
연향동_애플샵점,전남광주통합특별시,순천시,전라남도 순천시 연향3로 11 (연향동),000-0000-0360,127.517085,34.9510426
연향동_신한은행점,전남광주통합특별시,순천시,전라남도 순천시 연향3로 33 (연향동),000-0000-0361,127.519614,34.9510408
해룡면_부영3차점,전남광주통합특별시,순천시,전라남도 순천시 해룡면 기적의도서관길 90 .,000-0000-0362,127.531313,34.9469252
중동_호반아파트점,전남광주통합특별시,광양시,전라남도 광양시 광장로 135 (중동),000-0000-0363,127.694868,34.9360695
중동_사랑병원점,전남광주통합특별시,광양시,전라남도 광양시 공영로 65 (중동),000-0000-0364,127.6964,34.9360517
중동_시외버스터미널점,전남광주통합특별시,광양시,전라남도 광양시 중마중앙로 59 (중동),000-0000-0365,127.697742,34.9355843
도사동_오천지구점,전남광주통합특별시,순천시,전라남도 순천시 오천6길 16 1층 14호(오천동),000-0000-0366,127.494399,34.9340377
해룡면_신대점,전남광주통합특별시,순천시,전라남도 순천시 해룡면 신대로 116 .,000-0000-0367,127.549255,34.9338207
압해읍_터미널점,전남광주통합특별시,신안군,전라남도 신안군 압해읍 압해로 865-1 1동 1층 1호,000-0000-0368,126.31422,34.8645807
용해동_용해점,전남광주통합특별시,목포시,전라남도 목포시 용해지구로 12 1층(용해동),000-0000-0369,126.398137,34.8174239
석현동_롯데리아점,전남광주통합특별시,목포시,전라남도 목포시 영산로 559 1층 102호(상동),000-0000-0370,126.419649,34.8156268
석현동_석현삼거리점,전남광주통합특별시,목포시,전라남도 목포시 석현로 2 (석현동),000-0000-0371,126.421661,34.8154561
삼향읍_국민은행점,전남광주통합특별시,무안군,전라남도 무안군 삼향읍 남악3로 80 1층 LG유플러스 다복통신 (제일프라자),000-0000-0372,126.460698,34.8126432
삼향읍_남악점,전남광주통합특별시,무안군,전라남도 무안군 삼향읍 남악3로 71 .,000-0000-0373,126.459819,34.811756
상동_터미널점,전남광주통합특별시,목포시,전라남도 목포시 영산로 509 (상동),000-0000-0374,126.417461,34.8112085
옥암동_이마트점,전남광주통합특별시,목포시,전라남도 목포시 하당로 264 1층 102호(옥암동),000-0000-0375,126.424965,34.8103339
남악리_오룡롯데아울렛점,전남광주통합특별시,무안군,"전라남도 무안군 삼향읍 남악4로 40 202동 1층 115호(남악리,펠리시티2차)",000-0000-0376,126.466437,34.8091802
옥암동_포르모4거리점,전남광주통합특별시,목포시,전라남도 목포시 신흥로83번길 27 (옥암동),000-0000-0377,126.4276,34.8069391
용당동_홈플러스점,전남광주통합특별시,목포시,전라남도 목포시 영산로 337 1층(용당동),000-0000-0378,126.402306,34.8061952
산정동_북항점,전남광주통합특별시,목포시,전라남도 목포시 청호로 175 (산정동),000-0000-0379,126.373259,34.8061569
상동_하당점,전남광주통합특별시,목포시,전라남도 목포시 백년대로 352 102-103호 (상동),000-0000-0380,126.425597,34.805884
상동_동신대한방병원점,전남광주통합특별시,목포시,전라남도 목포시 백년대로 318 유플러스 (상동),000-0000-0381,126.422449,34.8044088
산정동_보건소사거리점,전남광주통합특별시,목포시,전라남도 목포시 청호로 141 (산정동),000-0000-0382,126.375745,34.8040244
상동_하당광주은행점,전남광주통합특별시,목포시,전라남도 목포시 비파로 57 (상동),000-0000-0383,126.426115,34.803633
용당동_동부시장점,전남광주통합특별시,목포시,전라남도 목포시 산정로 166 101호(용당동),000-0000-0384,126.392546,34.8033705
상동_부영점,전남광주통합특별시,목포시,전라남도 목포시 옥암로 41 LG유플러스동 1층(상동),000-0000-0385,126.429188,34.8033139
상동_CGV사거리점,전남광주통합특별시,목포시,전라남도 목포시 백년대로 292 (상동),000-0000-0386,126.420217,34.8031543
상동_장미꽃길다이소점,전남광주통합특별시,목포시,전라남도 목포시 신흥로 28 1동 1층 103호(상동),000-0000-0387,126.424049,34.8021719
명륜동_목포역점,전남광주통합특별시,목포시,전라남도 목포시 영산로 97 (명륜동),000-0000-0388,126.38573,34.7912395
명륜동_목포중앙점,전남광주통합특별시,목포시,전라남도 목포시 영산로 93-1 (명륜동),000-0000-0389,126.385623,34.7909866
화장동_롯데마트점,전남광주통합특별시,여수시,전라남도 여수시 무선로 203 (화장동),000-0000-0390,127.650671,34.7775629
학동_수협앞점,전남광주통합특별시,여수시,전라남도 여수시 쌍봉로 31 (학동),000-0000-0391,127.659456,34.7667531
학동_다이소점,전남광주통합특별시,여수시,전라남도 여수시 시청로 34 (학동),000-0000-0392,127.663339,34.764749
학동_흥국체육관점,전남광주통합특별시,여수시,전라남도 여수시 흥국로 58 (학동),000-0000-0393,127.668627,34.7621151
소라면_죽림점,전남광주통합특별시,여수시,전라남도 여수시 소라면 죽림로 9 1층(죽림리),000-0000-0394,127.639592,34.7617479
도원동_사거리점,전남광주통합특별시,여수시,전라남도 여수시 무선로 6 (학동),000-0000-0395,127.656399,34.7613612
신기동_시전삼거리점,전남광주통합특별시,여수시,전라남도 여수시 새터로 57 (신기동),000-0000-0396,127.67385,34.7610407
학동_부영3단지점,전남광주통합특별시,여수시,전라남도 여수시 망마로 36 (학동),000-0000-0397,127.666683,34.7594666
학동_신협점,전남광주통합특별시,여수시,"전라남도 여수시 선소로 69 1층 (학동, 강남빌딩)",000-0000-0398,127.667247,34.7590038
삼호읍_대불점,전남광주통합특별시,영암군,전라남도 영암군 삼호읍 대불주거5로 6 G플레이스 106호 LGU(용앙리),000-0000-0399,126.456173,34.7546092
여서동_중앙점,전남광주통합특별시,여수시,전라남도 여수시 여서1로 81 (여서동),000-0000-0400,127.705944,34.7538735
여서동_사거리점,전남광주통합특별시,여수시,"전라남도 여수시 여서1로 62 LG유플러스 (여서동, 김이빈후과)",000-0000-0401,127.704437,34.7525842
시전동_웅천메가박스점,전남광주통합특별시,여수시,전라남도 여수시 신월로 96 1층 104호(웅천동),000-0000-0402,127.678952,34.7491141
삼호읍_현대중공업점,전남광주통합특별시,영암군,전라남도 영암군 삼호읍 신항로 124 1층(용당리),000-0000-0403,126.375584,34.7487141
여서동_로터리점,전남광주통합특별시,여수시,전라남도 여수시 여서로 168-1 (여서동),000-0000-0404,127.700372,34.7483621
교동_시내점,전남광주통합특별시,여수시,전라남도 여수시 통제영2길 9-1 (교동),000-0000-0405,127.732884,34.7410592
충무동_우체국점,전남광주통합특별시,여수시,전라남도 여수시 충무1길 2 (충무동),000-0000-0406,127.731267,34.7409878
국동_서희스타힐스점,전남광주통합특별시,여수시,전라남도 여수시 신월로 679 1층 3호(국동),000-0000-0407,127.717679,34.7316939
고흥읍_파리바게트사거리점,전남광주통합특별시,고흥군,"전라남도 고흥군 고흥읍 봉황길 45 (남계리,소매점 및 사무소)",000-0000-0408,127.283517,34.607409
해남읍_해남점,전남광주통합특별시,해남군,전라남도 해남군 해남읍 중앙1로 135 엘지텔레콤,000-0000-0409,126.599857,34.5715756
진도군_진도읍점,전남광주통합특별시,진도군,전라남도 진도군 진도읍 남문길 39 1층 1호(남동리),000-0000-0410,126.263686,34.4817845
정관읍_광장프라자점,부산광역시,기장군,부산광역시 기장군 정관읍 정관7로 9-4 1층 (광장프라자),000-0000-0411,129.176596,35.3221133
정관읍_정관점,부산광역시,기장군,부산광역시 기장군 정관읍 정관로 561,000-0000-0412,129.175385,35.322045
정관읍_헬로시티점,부산광역시,기장군,부산광역시 기장군 정관읍 정관로 566 .,000-0000-0413,129.175538,35.3212222
일광면_일광신도시점,부산광역시,기장군,부산광역시 기장군 일광면 해빛로 13 (삼성리),000-0000-0414,129.22736,35.2663747
구서동_중앙대로점,부산광역시,금정구,"부산광역시 금정구 중앙대로1841번길 23 1층 (구서동, 현대타운)",000-0000-0415,129.090518,35.2486215
구서동_구서역,부산광역시,금정구,"부산광역시 금정구 구서로 2 1층(구서동,정우빌딩)",000-0000-0416,129.09076,35.2469142
구서1동_구서로점,부산광역시,금정구,"부산광역시 금정구 구서로 23 1층(구서동,화산빌딩)",000-0000-0417,129.088665,35.2466259
기장읍_기장시장부산은행점,부산광역시,기장군,"부산광역시 기장군 기장읍 읍내로 97 1층 LG유플러스(동부리,프로스펙스)",000-0000-0418,129.215019,35.2453079
기장읍_읍내로점,부산광역시,기장군,"부산광역시 기장군 기장읍 읍내로 110 1층(동부리,PAT)",000-0000-0419,129.216361,35.244968
기장읍_차성동로점,부산광역시,기장군,"부산광역시 기장군 기장읍 차성동로 73 1층(동부리,꼴라쥬)",000-0000-0420,129.216553,35.2443427
기장군_기장시장점,부산광역시,기장군,부산광역시 기장군 기장읍 차성로288번길 57 1층(대라리),000-0000-0421,129.216974,35.2432537
부곡동_장전역점,부산광역시,금정구,부산광역시 금정구 중앙대로1719번길 61 1층(부곡동),000-0000-0422,129.088742,35.2376402
화명동_롯데마트점,부산광역시,북구,"부산광역시 북구 금곡대로303번길 2 시티타워 (화명동, LG유플러스)",000-0000-0423,129.013477,35.2356712
화명동_화명대로점,부산광역시,북구,"부산광역시 북구 화명대로 40 1층(화명동,현천휴먼 타워)",000-0000-0424,129.012382,35.2344638
화명3동_금곡대로점,부산광역시,북구,부산광역시 북구 금곡대로 287 삼한골든뷰 103호 (화명동),000-0000-0425,129.01332,35.2342049
장전3동_부산대정문점,부산광역시,금정구,부산광역시 금정구 부산대학로 54 (캔모아부산대점) 1층 (장전동),000-0000-0426,129.085468,35.2315779
장전3동_부산대역3번출구점,부산광역시,금정구,부산광역시 금정구 금정로68번길 35 (장전동),000-0000-0427,129.088506,35.2305433
반송2동_윗반송점,부산광역시,해운대구,"부산광역시 해운대구 신반송로 194 광하상가 5-9호 (반송동, 광하아파트)",000-0000-0428,129.159951,35.2302631
장전3동_부산대역1번출구끝점,부산광역시,금정구,부산광역시 금정구 금정로 60 (장전동),000-0000-0429,129.086723,35.2299703
장전동_맥도날드점,부산광역시,금정구,부산광역시 금정구 금정로60번길 20 (장전동),000-0000-0430,129.087297,35.229654
반송1동_도서관점,부산광역시,해운대구,부산광역시 해운대구 아랫반송로21번길 4 (반송동),000-0000-0431,129.148555,35.2254105
온천동_온천장역점,부산광역시,동래구,부산광역시 동래구 온천장로 121 (하이투자증권) 1층(온천동),000-0000-0432,129.084705,35.2214983
서3동_농협점,부산광역시,금정구,부산광역시 금정구 서동로 145 금정구서 3동 1층 엘지유플러스 (서동),000-0000-0433,129.102605,35.2151331
서3동_서동시장점,부산광역시,금정구,부산광역시 금정구 서동로 159 (서동),000-0000-0434,129.104114,35.2148636
덕천동_숙등역점,부산광역시,북구,"부산광역시 북구 만덕대로 81 상가동 1층 18-2호(덕천동,포레나부산덕천)",000-0000-0435,129.01303,35.2126721
명륜로_아이파크점,부산광역시,동래구,부산광역시 동래구 명륜로187번길 2 1층(명륜동),000-0000-0436,129.082385,35.2106253
덕천2동_만덕대로점,부산광역시,북구,부산광역시 북구 만덕대로 28 1층 (덕천동),000-0000-0437,129.008158,35.2105721
덕천2동_덕천1길점,부산광역시,북구,부산광역시 북구 덕천1길 19 (덕천동),000-0000-0438,129.006616,35.2099489
덕천동_덕천역점,부산광역시,북구,부산광역시 북구 백양대로 1203 (구포동),000-0000-0439,129.005236,35.2096203
만덕2동_신만덕교차로점,부산광역시,북구,부산광역시 북구 덕천로 306 1층 (만덕동),000-0000-0440,129.037311,35.2092832
구포동_백양대로점,부산광역시,북구,부산광역시 북구 백양대로 1196 (구포동),000-0000-0441,129.005585,35.2090738
명륜동_동래역점,부산광역시,동래구,부산광역시 동래구 명륜로129번길 54 (명륜동),000-0000-0442,129.079376,35.2054504
명장2동_조양상가점,부산광역시,동래구,"부산광역시 동래구 반송로273번길 2 1층(명장동,조양아파트)",000-0000-0443,129.100826,35.2053235
온천동_미남역점,부산광역시,동래구,"부산광역시 동래구 아시아드대로 229 1층 1호(온천동,메종나인)",000-0000-0444,129.066945,35.2045007
반여동_선수촌아파트입구점,부산광역시,해운대구,부산광역시 해운대구 선수촌로 105-1 (반여동),000-0000-0445,129.119493,35.2032951
동래역_교차로점,부산광역시,동래구,부산광역시 동래구 여고북로 199 1층 (온천동),000-0000-0446,129.075523,35.2028851
사직동_미남점,부산광역시,동래구,부산광역시 동래구 아시아드대로 193-1 1동 1층 (사직동),000-0000-0447,129.065141,35.2017559
수안동_충렬대로점,부산광역시,동래구,부산광역시 동래구 충렬대로 250-1 1층(수안동),000-0000-0448,129.086564,35.2010373
반여동_반여1동점,부산광역시,해운대구,부산광역시 해운대구 선수촌로 80 (반여동),000-0000-0449,129.119441,35.200863
반여3동_전통시장점,부산광역시,해운대구,부산광역시 해운대구 재반로 252 (반여동),000-0000-0450,129.131617,35.199622
반여3동_반여점,부산광역시,해운대구,부산광역시 해운대구 재반로 244 (반여동),000-0000-0451,129.131487,35.1988583
사직동_국민시장입구점,부산광역시,동래구,부산광역시 동래구 사직북로 31 LG유플러스 매장 (사직동),000-0000-0452,129.059793,35.1986389
사직2동_사직북로점,부산광역시,동래구,부산광역시 동래구 사직북로 5 (사직동),000-0000-0453,129.060645,35.1963264
안락동_안연로점,부산광역시,동래구,부산광역시 동래구 안연로 74 1층(안락동),000-0000-0454,129.098853,35.1939222
거제1동_연제구점,부산광역시,연제구,부산광역시 연제구 아시아드대로 96 (거제동),000-0000-0455,129.067376,35.1933461
연산동_연산로타리점,부산광역시,연제구,"부산광역시 연제구 중앙대로 1130 (2단지) 1층 110호(연산동,SK뷰2단지아파트)",000-0000-0456,129.08139,35.1884111
연산9동_과정로점,부산광역시,연제구,부산광역시 연제구 과정로 230 (연산동),000-0000-0457,129.102146,35.1879266
연산4동_연산역점,부산광역시,연제구,부산광역시 연제구 반송로 13 (연산동),000-0000-0458,129.082563,35.1870663
모라1동_모라점,부산광역시,사상구,부산광역시 사상구 백양대로 892 (모라동),000-0000-0459,128.991261,35.1858889
재송1동_재반로점,부산광역시,해운대구,부산광역시 해운대구 재반로 79-1 (재송동),000-0000-0460,129.125556,35.1856797
연산동_중앙대로점,부산광역시,연제구,부산광역시 연제구 중앙대로 1083 1층(연산동),000-0000-0461,129.080158,35.1848727
연산2동_부산시청역점,부산광역시,연제구,부산광역시 연제구 중앙대로 1034 (연산동),000-0000-0462,129.077726,35.1807512
연산9동_토곡점,부산광역시,연제구,부산광역시 연제구 과정로 103 1층(연산동),000-0000-0463,129.106942,35.1806521
좌1동_대동상가점,부산광역시,해운대구,"부산광역시 해운대구 좌동순환로 174 1층 (좌동, 거성프라자)",000-0000-0464,129.175077,35.1776548
재송동_센텀파크점,부산광역시,해운대구,"부산광역시 해운대구 센텀북대로 60 재송동 1층 107호(재송동,센텀아이에스타워)",000-0000-0465,129.125176,35.1765759
연산2동_연수로점,부산광역시,연제구,부산광역시 연제구 연수로 105 1층 (연산동),000-0000-0466,129.082605,35.1753776
양정역_3번출구점,부산광역시,부산진구,"부산광역시 부산진구 동평로 410 1동 1층 (양정동, 양정동근린생활시설)",000-0000-0467,129.069354,35.173496
덕포동_덕포시장점,부산광역시,사상구,부산광역시 사상구 사상로293번길 5 (덕포동),000-0000-0468,128.982558,35.1710362
덕포동_사상중흥점,부산광역시,사상구,"부산광역시 사상구 사상로 300 상가 1층 25호(덕포동,사상중흥S-클래스그랜드센트럴)",000-0000-0469,128.983905,35.170906
우동_센텀시티점,부산광역시,해운대구,"부산광역시 해운대구 센텀동로 9 디동 상가 (SOHO개통) 1층 104,105호(우동,트럼프월드센텀아파트)",000-0000-0470,129.13241,35.170321
좌동_장산역5번출구점,부산광역시,해운대구,"부산광역시 해운대구 해운대로 814 1층 151호 152호(좌동,세종월드프라자)",000-0000-0471,129.177705,35.1696145
장산역_엘리움상가점,부산광역시,해운대구,부산광역시 해운대구 해운대로 794 (좌동),000-0000-0472,129.175764,35.1688384
삼락동_괘법한신점,부산광역시,사상구,부산광역시 사상구 운산로 31 (삼락동),000-0000-0473,128.980299,35.1688382
수영동_팔도시장점,부산광역시,수영구,부산광역시 수영구 수영로705번길 1 (수영동),000-0000-0474,129.116405,35.1680334
당감동_당감로점,부산광역시,부산진구,부산광역시 부산진구 당감로 61 (당감동),000-0000-0475,129.038674,35.1671402
사상구_괘법동점,부산광역시,사상구,부산광역시 사상구 사상로 249 1층(괘법동),000-0000-0476,128.982098,35.1670154
중동_이마트해운대점,부산광역시,해운대구,"부산광역시 해운대구 해운대로 724 [기가다회선]SH타워 씨에이디 1층 101호(중동,해운대에스에이치타워)",000-0000-0477,129.16894,35.1664465
부암동_당감새시장점,부산광역시,부산진구,부산광역시 부산진구 동평로 109 1층(부암동),000-0000-0478,129.041315,35.1661135
당감동_당감사거리점,부산광역시,부산진구,"부산광역시 부산진구 동평로 96 1,2층(당감동)",000-0000-0479,129.040059,35.1654588
우동_해운대점,부산광역시,해운대구,부산광역시 해운대구 해운대로 624 (우동),000-0000-0480,129.15923,35.1635922
괘법동_사상점,부산광역시,사상구,부산광역시 사상구 사상로 206 김밥여행 1층 엘지유플러스 (괘법동),000-0000-0481,128.984285,35.1635192
수영구_파스텔라점,부산광역시,수영구,"부산광역시 수영구 수영로 631 104호(광안동,파스텔라 스튜디오)",000-0000-0482,129.113742,35.1622404
부전동_부전역2번출구점,부산광역시,부산진구,부산광역시 부산진구 동성로 151-1 (전포동),000-0000-0483,129.06266,35.1613364
부전1동_부전시장점,부산광역시,부산진구,부산광역시 부산진구 새싹로 7 (부전동),000-0000-0484,129.058128,35.158728
광안동_광안역점,부산광역시,수영구,부산광역시 수영구 호암로 2 (광안동),000-0000-0485,129.112615,35.1564297
가야1동_한신센타뷰점,부산광역시,부산진구,부산광역시 부산진구 가야대로 597 한신센터뷰상가 1층 106호 (가야동),000-0000-0486,129.037215,35.1552965
광안동_쌍용예가점,부산광역시,수영구,부산광역시 수영구 광안로 20 쌍용예가 디오션제1 9동 1층 102호 상가 (광안동),000-0000-0487,129.115318,35.1552921
부전2동_부산점,부산광역시,부산진구,부산광역시 부산진구 중앙대로 700 (부전동),000-0000-0488,129.05961,35.1552694
일상의틈_부전동_서면점,부산광역시,부산진구,부산광역시 부산진구 중앙대로692번길 21 (부전동),000-0000-0489,129.060516,35.1546412
가야1동_가야대로점,부산광역시,부산진구,부산광역시 부산진구 가야대로 590-2 1층 엘지유플러스 (가야동),000-0000-0490,129.036379,35.1543103
부전2동_서면1번가점,부산광역시,부산진구,부산광역시 부산진구 중앙대로 689 (부전동),000-0000-0491,129.058916,35.154308
개금동_개금역점,부산광역시,부산진구,부산광역시 부산진구 가야대로 473 1층(개금동),000-0000-0492,129.023839,35.153484
가야동_롯데캐슬골드아너점,부산광역시,부산진구,부산광역시 부산진구 가야공원로 1 상가동 1층 1호(가야동),000-0000-0493,129.029835,35.1532395
주례2동_냉정역점,부산광역시,사상구,부산광역시 사상구 가야대로 372 (주례2동 60-17번지) (주례동),000-0000-0494,129.013135,35.1510398
주례동_주례역점,부산광역시,사상구,부산광역시 사상구 가야대로 278-2 1층 엘지유플러스(주례동),000-0000-0495,129.003065,35.1502244
개금동_백병원점,부산광역시,부산진구,부산광역시 부산진구 엄광로 35 (개금동),000-0000-0496,129.019904,35.1483229
남천1동_금련산역점,부산광역시,수영구,"부산광역시 수영구 수영로 468 1층(남천동,남광빌딩)",000-0000-0497,129.110653,35.1475876
수영로_남천역점,부산광역시,수영구,부산광역시 수영구 수영로 379 1층 (남천동),000-0000-0498,129.106257,35.1409054
학장동_삼성아파트점,부산광역시,사상구,부산광역시 사상구 대동로 135 1층(학장동),000-0000-0499,128.981957,35.1403521
남천동_남천해변시장점,부산광역시,수영구,"부산광역시 수영구 광안해변로15번길 77 2호 광안해변로 15번길 77(남천동,남천해변시장)",000-0000-0500,129.109078,35.1392433
범일2동_범일동점,부산광역시,동구,부산광역시 동구 범일로 103 (범일동),000-0000-0501,129.05916,35.1391464
학장동_학장중학교점,부산광역시,사상구,부산광역시 사상구 대동로 95 기산스포렉스 1층 2호 (학장동),000-0000-0502,128.977821,35.1385362
문현3동_부산은행점,부산광역시,남구,부산광역시 남구 수영로 25 (문현동),000-0000-0503,129.070399,35.1372067
대연동_경성대역점,부산광역시,남구,"부산광역시 남구 수영로 295 1층(대연동,세웅빌딩)",000-0000-0504,129.098194,35.1370622
대연동_경성대정문점,부산광역시,남구,"부산광역시 남구 용소로 5 1층(대연동,동영빌딩)",000-0000-0505,129.100537,35.1368684
대연5동_진남로점,부산광역시,남구,부산광역시 남구 진남로 9 (대연동),000-0000-0506,129.09157,35.1358429
대연5동_못골시장점,부산광역시,남구,부산광역시 남구 수영로 201 1층(대연동),000-0000-0507,129.088429,35.1352933
엄궁동_엄궁시장점,부산광역시,사상구,부산광역시 사상구 낙동대로776번길 8-8 LG유플러스 엄궁전기 (엄궁동),000-0000-0508,128.971376,35.1296835
수정2동_부산진역점,부산광역시,동구,"부산광역시 동구 중앙대로 379 1층 (수정동, 수정빌딩)",000-0000-0509,129.048897,35.1292723
용호1동_용호사거리점,부산광역시,남구,부산광역시 남구 동명로 137 원진찜질방 (용호동),000-0000-0510,129.111815,35.1199291
용호동_용호골목시장점,부산광역시,남구,"부산광역시 남구 용호로178번길 3 1-1호(용호동,도오상가아파트)",000-0000-0511,129.110648,35.1163538
초량2동_부산역점,부산광역시,동구,부산광역시 동구 중앙대로 211 (초량동),000-0000-0512,129.039906,35.1162309
구덕로_동대신점,부산광역시,서구,부산광역시 서구 구덕로 324 1층(동대신동3가),000-0000-0513,129.01655,35.1128547
동대신동2가_국민은행점,부산광역시,서구,부산광역시 서구 구덕로 300 (동대신동2가),000-0000-0514,129.017791,35.1107163
하단동_CGV점,부산광역시,사하구,부산광역시 사하구 낙동남로 1422 (하단동),000-0000-0515,128.967087,35.105935
당리동_회전교차로점,부산광역시,사하구,부산광역시 사하구 승학로 54 1층(당리동),000-0000-0516,128.974148,35.1054508
당리동_당리점,부산광역시,사하구,부산광역시 사하구 낙동대로 413 1층 104호(하단동),000-0000-0517,128.972776,35.1035806
부민동_영락교차로점,부산광역시,서구,부산광역시 서구 대청로 9 1층(부민동1가),000-0000-0518,129.020991,35.1034897
대청동2가_대청로점,부산광역시,중구,부산광역시 중구 대청로 93-1 1층(대청동2가),000-0000-0519,129.030224,35.1030561
대청동_대청사거리점,부산광역시,중구,부산광역시 중구 중구로 56 1층(대청동3가),000-0000-0520,129.02809,35.1027764
괴정3동_대티역점,부산광역시,사하구,부산광역시 사하구 낙동대로 162 285-12 (괴정동),000-0000-0521,128.998285,35.1027755
괴정동_사하로점,부산광역시,사하구,부산광역시 사하구 사하로 202 1층 엘지유플러스 (괴정동),000-0000-0522,128.993552,35.0997804
창선동_광복로점,부산광역시,중구,부산광역시 중구 광복로 53-1 1층(창선동1가),000-0000-0523,129.03102,35.0993209
남포동3가_부산극장점,부산광역시,중구,부산광역시 중구 비프광장로 31 (남포동3가),000-0000-0524,129.028468,35.0989942
일상의틈_광복동_광복로점,부산광역시,중구,부산광역시 중구 광복로 69 1층(광복동2가),000-0000-0525,129.032655,35.0989601
명지동_국제로점,부산광역시,강서구,"부산광역시 강서구 명지국제8로 229 1층 103호 (명지동, 부산명지지구아이메디컬)",000-0000-0526,128.918038,35.0986099
명지동_명지국제신도시점,부산광역시,강서구,"부산광역시 강서구 명지국제5로 42 105호 (명지동, 동진빌딩)",000-0000-0527,128.920265,35.0976915
충무동_서구청점,부산광역시,서구,부산광역시 서구 구덕로 96 (충무동1가),000-0000-0528,129.025233,35.0972188
대교동2가_봉래시장점,부산광역시,영도구,부산광역시 영도구 태종로 99-1 (대교동2가),000-0000-0529,129.041847,35.0915783
대교동2가_남항시장점,부산광역시,영도구,"부산광역시 영도구 태종로 98 (대교동2가,혜광모닝아일랜드아파트)",000-0000-0530,129.041487,35.0912239
영도_영도소방서점,부산광역시,영도구,부산광역시 영도구 태종로 112 1층(영선동1가),000-0000-0531,129.042869,35.0908221
명지동_명지점,부산광역시,강서구,"부산광역시 강서구 명지오션시티4로 60 (명지동, 골든프라자빌딩)",000-0000-0532,128.903274,35.0837655
장림1동_장림시장점,부산광역시,사하구,부산광역시 사하구 장림번영로 25 (장림동),000-0000-0533,128.968209,35.0810081
동삼1동_동삼시장점,부산광역시,영도구,부산광역시 영도구 웃서발로 77 (동삼동),000-0000-0534,129.070706,35.0790675
동삼동_탑마트점,부산광역시,영도구,부산광역시 영도구 동삼로 57 1층(동삼동),000-0000-0535,129.070254,35.0785436
다대동_다대포항역점,부산광역시,사하구,부산광역시 사하구 다대로 549 (다대동),000-0000-0536,128.971289,35.0572479
동천동_칠곡프라자점,대구광역시,북구,대구광역시 북구 동암로 96 (동천동),000-0000-0537,128.56134,35.94413
동천동_동천점,대구광역시,북구,대구광역시 북구 팔거천동로 218 1층 엘지유플러스 (칠곡) (동천동),000-0000-0538,128.55861,35.9433545
동천동_동천육교점,대구광역시,북구,"대구광역시 북구 학정로 421 LG유플러스 (동천동, 일도프라자)",000-0000-0539,128.563091,35.9423951
동천동_화성센트럴파크점,대구광역시,북구,대구광역시 북구 대천로 94 (동천동),000-0000-0540,128.559377,35.9366762
읍내동_읍내점,대구광역시,북구,대구광역시 북구 구암로 101 엘지유플러스 1층 (읍내동),000-0000-0541,128.551815,35.9324847
태전동_칠곡중앙대로점,대구광역시,북구,대구광역시 북구 칠곡중앙대로 393 1층 (태전동),000-0000-0542,128.547762,35.9308699
서변동_서변점,대구광역시,북구,대구광역시 북구 호국로43길 25 1층 (서변동),000-0000-0543,128.596382,35.9210241
산격동_산격시장점,대구광역시,북구,대구광역시 북구 동북로 172 (산격동),000-0000-0544,128.611277,35.8988827
산격동_복현오거리점,대구광역시,북구,대구광역시 북구 검단로 3 1층(산격동),000-0000-0545,128.614773,35.8981239
침산동_다이소점,대구광역시,북구,"대구광역시 북구 침산로 148 1층 103,104호(침산동,엠브로스퀘어)",000-0000-0546,128.59141,35.8895864
침산동_침산네거리점,대구광역시,북구,대구광역시 북구 침산로 138 명성프라임 1층 (침산동),000-0000-0547,128.591893,35.8888051
비산동_만평점,대구광역시,서구,대구광역시 서구 팔달로 170 (비산동),000-0000-0548,128.568379,35.8885916
신암동_동구청점,대구광역시,동구,대구광역시 동구 아양로 199 (신암동),000-0000-0549,128.634596,35.8862223
신암동_평화시장점,대구광역시,동구,대구광역시 동구 아양로 57-1 1층 (신암동),000-0000-0550,128.620315,35.8826039
신암동_평화시장2점,대구광역시,동구,대구광역시 동구 아양로 31 1층(신암동),000-0000-0551,128.617413,35.8819852
각산동_혁신도시점,대구광역시,동구,대구광역시 동구 경안로 850 1층 LGU+ (각산동),000-0000-0552,128.719194431,35.8773536297
신천동_신천역점,대구광역시,동구,"대구광역시 동구 송라로 87 1층 엘지유플러스 (신천동, 성동빌딩)",000-0000-0553,128.617211,35.8747969
평리동_서구청점,대구광역시,서구,대구광역시 서구 국채보상로 254 . (평리동),000-0000-0554,128.558874,35.8709267
각산동_각산네거리점,대구광역시,동구,대구광역시 동구 안심로 359 (각산동),000-0000-0555,128.7235,35.8680843
동성로3가_중앙파출소점,대구광역시,중구,대구광역시 중구 동성로 1 (동성로3가),000-0000-0556,128.593823,35.8673775
일상의틈_덕산동_통신골목점,대구광역시,중구,대구광역시 중구 동성로1길 14 (덕산동),000-0000-0557,128.594306,35.8666592
율하동_율하광장점,대구광역시,동구,대구광역시 동구 안심로22길 46 (율하동),000-0000-0558,128.696352,35.8633161
내당동_삼익뉴타운점,대구광역시,서구,대구광역시 서구 평리로 248 . (내당동),000-0000-0559,128.550606,35.8624908
두류동_내당역점,대구광역시,달서구,대구광역시 달서구 달구벌대로 1826 1층 (두류동),000-0000-0560,128.564546,35.859805
범어동_범어동점,대구광역시,수성구,대구광역시 수성구 달구벌대로 2506 (범어동),000-0000-0561,128.636729,35.8585466
죽곡리_대실역점,대구광역시,달성군,"대구광역시 달성군 다사읍 달구벌대로 874 A동 103호, 104호",000-0000-0562,128.464282,35.8578958
범어동_경신고점,대구광역시,수성구,대구광역시 수성구 범어로 76 (범어동),000-0000-0563,128.636992397,35.8573942622
용산1동_용산우체국점,대구광역시,달서구,대구광역시 달서구 용산로 218 1층(용산동),000-0000-0564,128.530861,35.8569855
신당동_성서계대점,대구광역시,달서구,대구광역시 달서구 계대동문로 18 1층(신당동),000-0000-0565,128.494245,35.8553554
이곡동_국민연금사거리점,대구광역시,달서구,"대구광역시 달서구 성서로 420 1층 110호 (이곡동, 메가타운)",000-0000-0566,128.507834,35.8550957
수성동_수성점,대구광역시,수성구,대구광역시 수성구 명덕로 398 1층 LG유플러스 (수성동1가),000-0000-0567,128.613287,35.8543488
감삼동_서남시장점,대구광역시,달서구,대구광역시 달서구 달구벌대로 1649 감삼동 (감삼동),000-0000-0568,128.546423,35.8540288
수성동_수성시장점,대구광역시,수성구,대구광역시 수성구 명덕로 432 1층 101호 (수성동3가),000-0000-0569,128.617431,35.8539867
용산동_하나로마트점,대구광역시,달서구,"대구광역시 달서구 용산로 141 (용산동, 그랜드엠타워)",000-0000-0570,128.53011,35.8501463
대명동_영대병원점,대구광역시,남구,대구광역시 남구 중앙대로 151 (대명동),000-0000-0571,128.59018,35.8468617
감삼동_본리초등학교점,대구광역시,달서구,"대구광역시 달서구 와룡로 123 101동 1층 1호(감삼동,죽전역동화아이위시)",000-0000-0572,128.536145,35.8439686
본리동_달서시장점,대구광역시,달서구,대구광역시 달서구 당산로 35 사동 1층 제113호 (본리동),000-0000-0573,128.544177,35.8403783
신매동_시지광장점,대구광역시,수성구,대구광역시 수성구 달구벌대로 3202 1층 LGU+ (신매동),000-0000-0574,128.706724,35.8400194
신매동_신매역점,대구광역시,수성구,"대구광역시 수성구 고산로 96 신매동 1층(신매동,중원빌딩)",000-0000-0575,128.704784,35.839317
대명동_안지랑점,대구광역시,남구,대구광역시 남구 대명로 174 1층(대명동),000-0000-0576,128.576629,35.8388308
두산동_황금네거리점,대구광역시,수성구,"대구광역시 수성구 동대구로 95 (두산동,수성SK리더스뷰아파트)",000-0000-0577,128.62302,35.8387182
신매동_신매시장점,대구광역시,수성구,대구광역시 수성구 신매로 102 1층(신매동),000-0000-0578,128.709302,35.8384058
대명동_대명점,대구광역시,남구,"대구광역시 남구 월배로 468 1층 (대명동, 한영유니죤빌딩)",000-0000-0579,128.555974,35.8346391
송현동_서부정류장4점,대구광역시,달서구,대구광역시 달서구 월배로 453 .,000-0000-0580,128.554411,35.8339564
지산동_동아백화점점,대구광역시,수성구,대구광역시 수성구 지범로 171 . (지산동),000-0000-0581,128.638616,35.8221511
지산동_목련시장점,대구광역시,수성구,대구광역시 수성구 용학로 214 1층 (지산동),000-0000-0582,128.631759,35.821235
진천동_월배시장점,대구광역시,달서구,대구광역시 달서구 월배로 111 . (진천동),000-0000-0583,128.526645,35.8148562
진천동_진천네거리점,대구광역시,달서구,"대구광역시 달서구 월배로 80 1층 401동 113호 ,114호 (진천동, 대성스카이렉스)",000-0000-0584,128.523618,35.8133626
상인동_남상인네거리점,대구광역시,달서구,대구광역시 달서구 월곡로 180 (상인동),000-0000-0585,128.545126,35.8122412
도원동_도원네거리점,대구광역시,달서구,대구광역시 달서구 도원로 24 (도원동),000-0000-0586,128.535456,35.8075979
화원읍_천내리점,대구광역시,달성군,대구광역시 달성군 화원읍 비슬로 2579-4 .,000-0000-0587,128.499023,35.80393
유가읍_테크노점,대구광역시,달성군,대구광역시 달성군 유가읍 테크노상업로 108 1층,000-0000-0588,128.461159,35.6932543
강화읍_강화읍점,인천광역시,강화군,인천광역시 강화군 강화읍 강화대로 395 1층 107호 (준프라자),000-0000-0589,126.486105,37.7462574
불로동_신검단중앙점,인천광역시,서구,인천광역시 서구 동화시로 112 1층 1호(불로동),000-0000-0590,126.697849,37.6095228
마전동_검단사거리점,인천광역시,서구,"인천광역시 서구 검단로 485 1층 LG유플러스(왕길동,검단동)(마전동)",000-0000-0591,126.658085,37.6024313
왕길동_롯데시네마점,인천광역시,서구,"인천광역시 서구 완정로 159 1층 LG유플러스(왕길동,검단동,검단로)(왕길동,장수프라자)",000-0000-0592,126.658315,37.601558
마전동_마전역1번출구점,인천광역시,서구,"인천광역시 서구 완정로 60 1층(마전동,정안빌딩)",000-0000-0593,126.668255,37.5970816
당하동_완정역사거리점,인천광역시,서구,인천광역시 서구 원당대로 660 (당하동),000-0000-0594,126.674284,37.5932692
당하동_원당점,인천광역시,서구,"인천광역시 서구 원당대로 860 106호 (당하동, 보광프라자)",000-0000-0595,126.696851,37.5932485
검단신도시_우미린아파트점,인천광역시,서구,"인천광역시 서구 이음대로 378 1층 115호(원당동,로뎀타워)",000-0000-0596,126.697034,37.5928255
검암동_검암푸르지오점,인천광역시,서구,"인천광역시 서구 한중1로 14 1층 102,103호(백석동)",000-0000-0597,126.668821,37.5791986
검암동_검암점,인천광역시,서구,"인천광역시 서구 승학로 515 1층(검암동,대림프라자)",000-0000-0598,126.676849,37.5658053
동양동_동양점,인천광역시,계양구,인천광역시 계양구 동양로 103 동양동 파리바게뜨 옆 (동양동),000-0000-0599,126.756465,37.5590327
박촌동_박촌점,인천광역시,계양구,인천광역시 계양구 장제로1009번길 1 (박촌동),000-0000-0600,126.745284,37.5555852
연희동_주민센터점,인천광역시,서구,인천광역시 서구 간촌로 4 (연희동),000-0000-0601,126.677318,37.5490572
병방동_병방점,인천광역시,계양구,인천광역시 계양구 장제로 909 1층(병방동),000-0000-0602,126.740615,37.5477544
심곡동_서구청역4번출구점,인천광역시,서구,인천광역시 서구 서곶로 295 1층 (심곡동),000-0000-0603,126.676525,37.5439644
계산2동_계산역점,인천광역시,계양구,인천광역시 계양구 경명대로 1081 (계산동),000-0000-0604,126.727051,37.543552
계산1동_계산삼거리점,인천광역시,계양구,"인천광역시 계양구 계양대로 214 102,103호(계산동,에이스타운)",000-0000-0605,126.723024,37.543029
계산1동_계산역2번출구점,인천광역시,계양구,인천광역시 계양구 주부토로 537 (계산동),000-0000-0606,126.728029,37.5422298
용종동_계산점,인천광역시,계양구,"인천광역시 계양구 오조산공원로 22 1층 (용종동, 계양프라자)",000-0000-0607,126.737271,37.539611
용종동_계양구청점,인천광역시,계양구,인천광역시 계양구 계양문화로 86 (용종동),000-0000-0608,126.737117,37.5383222
계산1동_경인교대점,인천광역시,계양구,인천광역시 계양구 계양대로 156 (계산동),000-0000-0609,126.722886,37.5377129
연희동_커널웨이점,인천광역시,서구,"인천광역시 서구 청라라임로 71 진영메디피아 108호,109호 LGU+ 청라직영점",000-0000-0610,126.65289,37.5337699
연희동_청라점,인천광역시,서구,"인천광역시 서구 중봉대로 588 1층 106호(청라동,청라센트럴프라자)",000-0000-0611,126.65025,37.5320772
효성1동_효성점,인천광역시,계양구,인천광역시 계양구 안남로 549 (효성동),000-0000-0612,126.710439,37.5320517
작전2동_작전역4번출구점,인천광역시,계양구,인천광역시 계양구 계양대로 64 1층(작전동),000-0000-0613,126.722984,37.5295411
작전동_천대고가사거리점,인천광역시,계양구,"인천광역시 계양구 장제로 676 1층 101호 초선빌딩(작전동,오케이병원)",000-0000-0614,126.733702,37.5282324
작전2동_신대사거리점,인천광역시,계양구,인천광역시 계양구 계양대로 44 (작전동),000-0000-0615,126.722809,37.5277657
작전2동_홈플러스옆점,인천광역시,계양구,인천광역시 계양구 계양대로 31 (작전동),000-0000-0616,126.722067,37.5266557
신현동_중앙시장입구점,인천광역시,서구,"인천광역시 서구 가정로 379 1층 신현동,가정동,루원시티,e편한세상,하늘채(신현동,신현e편한세상)",000-0000-0617,126.672732,37.5189064
가정1동_서경백화점점,인천광역시,서구,인천광역시 서구 가정로 372 1층 (가정동),000-0000-0618,126.673221,37.5181239
갈산1동_갈산사거리점,인천광역시,부평구,인천광역시 부평구 평천로 334 (갈산동),000-0000-0619,126.727145,37.5177568
청천동_청천사거리점,인천광역시,부평구,인천광역시 부평구 마장로 437 (청천동),000-0000-0620,126.703981,37.5172683
갈산동_갈산사거리점,인천광역시,부평구,인천광역시 부평구 주부토로 223 1층 LG유플러스 (갈산동),000-0000-0621,126.725786,37.5151227
청천동_영아다방사거리점,인천광역시,부평구,인천광역시 부평구 세월천로 47 (청천동),000-0000-0622,126.704135,37.5127367
석남1동_석남점,인천광역시,서구,인천광역시 서구 가정로308번길 2 1층(석남동),000-0000-0623,126.672942,37.5120864
석남동_서구강남시장점,인천광역시,서구,인천광역시 서구 가정로 291 1층 (석남동),000-0000-0624,126.672348,37.5109495
산곡동_산곡역점,인천광역시,부평구,"인천광역시 부평구 마장로 334 1층 101호(산곡동,산곡에스코빌딩)",000-0000-0625,126.703883,37.5077625
삼산2동_굴포천역점,인천광역시,부평구,인천광역시 부평구 길주로 지하 623 굴포천 7호선 (삼산동),000-0000-0626,126.736866,37.5067868
산곡동_롯데마트점,인천광역시,부평구,"인천광역시 부평구 마장로 320 1층 110호 (산곡동, 한화프라자)",000-0000-0627,126.703831,37.5067262
부평동_부평구청점,인천광역시,부평구,"인천광역시 부평구 부평대로 153 부평 대명벨리온 1층 128호(부평동,부평구청역대명벨리온)",000-0000-0628,126.720801,37.5050919
석남동_석남점,인천광역시,서구,인천광역시 서구 길주로 78 (석남동),000-0000-0629,126.670135731,37.5048471801
부평4동_굴포천사거리점,인천광역시,부평구,인천광역시 부평구 장제로 205 1층(부평동),000-0000-0630,126.730679,37.5039707
부개3동_기적의도서관점,인천광역시,부평구,"인천광역시 부평구 길주남로 159 LG유플러스 (부개동, 새롬프라자14차)",000-0000-0631,126.739625,37.5039548
부평동_부평중학교사거리점,인천광역시,부평구,인천광역시 부평구 부흥북로 81 1층(부평동),000-0000-0632,126.731074,37.5011335
부평동_나누리병원점,인천광역시,부평구,인천광역시 부평구 장제로 160 1층 (부평동),000-0000-0633,126.731169,37.4998092
부평4동_부평시장점,인천광역시,부평구,"인천광역시 부평구 부평대로 90 1층 (부평동, 여산빌딩)",000-0000-0634,126.722564,37.499555
가좌동_건지공원점,인천광역시,서구,"인천광역시 서구 건지로 402 403동 103호 LG유플러스 (가좌동, 가좌한신휴플러스)",000-0000-0635,126.684393,37.4950889
부평동_시장로점,인천광역시,부평구,인천광역시 부평구 장제로101번길 44 1동 1층(부평동),000-0000-0636,126.727556,37.4950707
가좌3동_해오름도서관점,인천광역시,서구,"인천광역시 서구 원적로 85 1층 LG유플러스 (가좌동, 우신프라자)",000-0000-0637,126.681319,37.494576
부평동_문화의거리점,인천광역시,부평구,인천광역시 부평구 부평문화로 71 1층(부평동),000-0000-0638,126.724189,37.4942159
가좌2동_가좌시장점,인천광역시,서구,인천광역시 서구 장고개로337번길 16 LG유플러스 가좌한신휴플러스 (가좌동),000-0000-0639,126.686682,37.4938876
부평1동_부평문화로점,인천광역시,부평구,인천광역시 부평구 부평문화로 54 1층 (부평동),000-0000-0640,126.722291,37.4937609
운서동_운서점,인천광역시,중구,"인천광역시 중구 흰바위로 45 (운서동, 가나베스트텔2)",000-0000-0641,126.489978,37.4926863
부평5동_부평로데오점,인천광역시,부평구,인천광역시 부평구 경원대로 1395 (부평동),000-0000-0642,126.724503,37.4919641
부평1동_경원대로점,인천광역시,부평구,인천광역시 부평구 경원대로 1412 (부평동),000-0000-0643,126.725897,37.4910303
부평3동_부평아울렛점,인천광역시,부평구,인천광역시 부평구 경원대로 1268 (부평동),000-0000-0644,126.710265,37.4895512
중산동_영종하늘신도시점,인천광역시,중구,"인천광역시 중구 하늘중앙로195번길 23 107호 (중산동, 하늘프라자)",000-0000-0645,126.562164,37.4892106
부평6동_부평남부점,인천광역시,부평구,인천광역시 부평구 동수북로 156 (부평동),000-0000-0646,126.723542,37.4889165
부평6동_성모병원점,인천광역시,부평구,인천광역시 부평구 동수로 57 하영마트 동 1층(부평동),000-0000-0647,126.724844,37.4854507
십정동_동암점,인천광역시,부평구,"인천광역시 부평구 열우물로 90 F동 1층 115호(십정동,더샵부평센트럴시티)",000-0000-0648,126.698116,37.4767445
송현동_동인천역북광장점,인천광역시,동구,인천광역시 동구 화도진로 44 1층(송현동),000-0000-0649,126.633643,37.4765074
송림6동_송림점,인천광역시,동구,인천광역시 동구 송림로 91 (송림동),000-0000-0650,126.645062,37.4762721
인현동_동인천역점,인천광역시,중구,인천광역시 중구 자유공원로 4 1층 엘지유플러스 (인현동),000-0000-0651,126.630766,37.4753091
인현동_인현점,인천광역시,중구,인천광역시 중구 우현로 85 1층 (인현동),000-0000-0652,126.630352,37.4744788
십정2동_동암점,인천광역시,부평구,인천광역시 부평구 열우물로 37 1층 LG유플러스 (십정동),000-0000-0653,126.700907,37.4714627
신포동_신포시장점,인천광역시,중구,인천광역시 중구 우현로 41-1 LG유플러스 (신포동),000-0000-0654,126.627994,37.4711918
십정2동_동암남부역점,인천광역시,부평구,인천광역시 부평구 동암남로 4 (십정동),000-0000-0655,126.703735,37.4708392
도화동_청운대점,인천광역시,미추홀구,"인천광역시 미추홀구 숙골로87번길 2 (도화동,센타프라자)",000-0000-0656,126.662975,37.4701168
주안5동_주안역점,인천광역시,미추홀구,인천광역시 미추홀구 석정로 392 1층 LGU (주안동),000-0000-0657,126.67903,37.4667199
숭의4동_제물포역점,인천광역시,미추홀구,인천광역시 미추홀구 경인로 130 1층(숭의동),000-0000-0658,126.657025,37.465955
간석3동_간석시장점,인천광역시,남동구,인천광역시 남동구 백범로 325-2 1층 (간석동),000-0000-0659,126.713699,37.4638541
간석동_자유시장점,인천광역시,남동구,인천광역시 남동구 백범로 312-53 1동 1층 (간석동),000-0000-0660,126.714942,37.4638391
주안동_주안역점,인천광역시,미추홀구,인천광역시 미추홀구 주안로 106 (주안동),000-0000-0661,126.681417,37.4637531
주안동_CGV점,인천광역시,미추홀구,인천광역시 미추홀구 미추홀대로 740 (주안동),000-0000-0662,126.680582,37.4634535
주안1동_주안남부역점,인천광역시,미추홀구,인천광역시 미추홀구 미추홀대로 735 1층 1호(주안동),000-0000-0663,126.680085,37.4632088
주안동_주안로점,인천광역시,미추홀구,인천광역시 미추홀구 경원대로 884 더월드스테이트중심상가 109호 (주안동),000-0000-0664,126.694644,37.4632025
간석2동_올리브백화점점,인천광역시,남동구,인천광역시 남동구 남동대로 886 (간석동),000-0000-0665,126.708678,37.4615442
만수동_향촌점,인천광역시,남동구,"인천광역시 남동구 만수서로 52 107호 ,108호(만수동,쓰리제이프라자)",000-0000-0666,126.731748,37.4614009
주안1동_주안2호점,인천광역시,미추홀구,"인천광역시 미추홀구 미추홀대로 716 1층 (주안동, 메인프라자)",000-0000-0667,126.680602,37.4612641
만수동_만수로점,인천광역시,남동구,인천광역시 남동구 만수로 47 103호(만수동),000-0000-0668,126.733548,37.4606211
만수동_만수소방서점,인천광역시,남동구,인천광역시 남동구 백범로 210 1층 (만수동),000-0000-0669,126.726124,37.4600184
주안6동_석바위시장점,인천광역시,미추홀구,인천광역시 미추홀구 경원대로 857 1층 (주안동),000-0000-0670,126.689269,37.4593051
주안6동_석바위점,인천광역시,미추홀구,인천광역시 미추홀구 경원대로 856 1층(주안동),000-0000-0671,126.689857,37.4590724
주안2동_시민공원역점,인천광역시,미추홀구,인천광역시 미추홀구 경인로 358 1층 (주안동),000-0000-0672,126.679711,37.4582343
용현3동_용현점,인천광역시,미추홀구,인천광역시 미추홀구 독배로 426 (용현동),000-0000-0673,126.649739,37.4576353
용현동_용현점,인천광역시,미추홀구,"인천광역시 미추홀구 능해길46번길 38 대진상가동 1층 101호(용현동,대진아파트)",000-0000-0674,126.638405,37.4571506
만수5동_모래내점,인천광역시,남동구,인천광역시 남동구 구월로 279 1층(만수동),000-0000-0675,126.721799,37.4559357
구월4동_모래내시장역점,인천광역시,남동구,인천광역시 남동구 호구포로 818 104호 (구월동),000-0000-0676,126.719653,37.4555071
만수동_만수역점,인천광역시,남동구,"인천광역시 남동구 백범로 123 1층 108호(만수동,상지프라자)",000-0000-0677,126.732982,37.4546191
구월2동_힐스테이트점,인천광역시,남동구,"인천광역시 남동구 구월로 212 1층(구월동,힐캐슬프라자)",000-0000-0678,126.711802,37.4545331
구월4동_모래내시장입구점,인천광역시,남동구,인천광역시 남동구 호구포로 802 새마을금고옆 나호 (구월동),000-0000-0679,126.71958,37.4538491
구월1동_힐스테이트남문점,인천광역시,남동구,인천광역시 남동구 구월남로 194 1층 엘지유플러스 (구월동),000-0000-0680,126.711143,37.4526033
용현5동_토지점,인천광역시,미추홀구,인천광역시 미추홀구 낙섬중로 45-1 (용현동),000-0000-0681,126.637819,37.4522834
구월1동_모래내시장점,인천광역시,남동구,"인천광역시 남동구 호구포로 781 1층 (구월동, 우석빌딩)",000-0000-0682,126.718615,37.4520358
주안동_신기사거리점,인천광역시,미추홀구,인천광역시 미추홀구 미추홀대로 610 1층 108호(주안동),000-0000-0683,126.680066,37.4517751
용현동_숭의점,인천광역시,미추홀구,인천광역시 미추홀구 인주대로 68 1층(용현동),000-0000-0684,126.647089,37.4516808
용현5동_토지금고시장점,인천광역시,미추홀구,인천광역시 미추홀구 토금남로 41-1 (용현동),000-0000-0685,126.637032,37.4512628
구월동_길병원사거리점,인천광역시,남동구,인천광역시 남동구 인주대로 661 조양씨티 프라자 1층 (구월동),000-0000-0686,126.710487,37.4498266
구월동_아트센터점,인천광역시,남동구,"인천광역시 남동구 인주대로 582 1동 1층 101~102호(구월동,신현프라자)",000-0000-0687,126.701593,37.4497593
주안동_신기시장점,인천광역시,미추홀구,"인천광역시 미추홀구 인하로 261 주안7동사무소 옆 1층 (주안동, 신기프라자)",000-0000-0688,126.677188,37.4484155
용현동_인하대역점,인천광역시,미추홀구,인천광역시 미추홀구 독배로 311 (용현동),000-0000-0689,126.649106,37.4481369
주안7동_인천남부시장점,인천광역시,미추홀구,"인천광역시 미추홀구 인하로 272 11동 1층 9호 LG유플러스 (주안동, 남부종합상가)",000-0000-0690,126.678388,37.4478601
구월동_구월남동농협점,인천광역시,남동구,인천광역시 남동구 남동대로 728 1층(구월동),000-0000-0691,126.707615,37.4472246
구월동_예술회관역점,인천광역시,남동구,인천광역시 남동구 문화로 87 1층 엘지유플러스 (구월동),000-0000-0692,126.698982,37.4468875
구월동_예술로점,인천광역시,남동구,인천광역시 남동구 예술로 126 LINK 1층 126 LG유플러스 (구월동),000-0000-0693,126.700865,37.4451083
만수동_하나로마트점,인천광역시,남동구,"인천광역시 남동구 장승로 32 1동 1층 101호(만수동,태광빌딩)",000-0000-0694,126.736191,37.4450667
구월1동_구월로데오점,인천광역시,남동구,"인천광역시 남동구 인하로489번길 22 1층 102호 (구월동, 동남빌딩)",000-0000-0695,126.701354,37.4445419
만수동_은행사거리점,인천광역시,남동구,인천광역시 남동구 장승남로 61 105호 (만수동),000-0000-0696,126.739044,37.4437486
관교동_관교점,인천광역시,미추홀구,"인천광역시 미추홀구 문화로 51 상가 1층(관교동,풍림아파트)",000-0000-0697,126.698081,37.4433352
만수동_남동초등학교점,인천광역시,남동구,"인천광역시 남동구 장승남로 40 101호 (만수동, 한별프라자)",000-0000-0698,126.736605,37.4431394
학익2동_학익사거리점,인천광역시,미추홀구,인천광역시 미추홀구 소성로 136 외4필지 (학익동),000-0000-0699,126.663561,37.4428361
학익동_학산사거리점,인천광역시,미추홀구,"인천광역시 미추홀구 매소홀로 355 (학익동,학익프라자)",000-0000-0700,126.662178,37.4413996
옥련1동_송도역삼거리점,인천광역시,연수구,인천광역시 연수구 비류대로 208 1층(옥련동),000-0000-0701,126.65771,37.427385
옥련1동_옥련점,인천광역시,연수구,인천광역시 연수구 독배로40번길 35 대명상가 1층 109호 (옥련동),000-0000-0702,126.64681,37.4246047
서창동_서창점,인천광역시,남동구,인천광역시 남동구 서창남순환로216번길 12 (서창동),000-0000-0703,126.748548,37.4234876
도림동_도림사거리점,인천광역시,남동구,인천광역시 남동구 도림로11번길 16 (도림동),000-0000-0704,126.729604,37.4196973
연수동_연수점,인천광역시,연수구,"인천광역시 연수구 함박뫼로 250 1층 109호(연수동,풍림1차아파트)",000-0000-0705,126.691938,37.4175234
연수동_연수스타벅스점,인천광역시,연수구,"인천광역시 연수구 용담로 115 1층(연수동,파크타워)",000-0000-0706,126.677817,37.4150889
청학동_연수롯데마트점,인천광역시,연수구,인천광역시 연수구 청능대로 93 1층 109호 (청학동),000-0000-0707,126.675663,37.4142991
연수동_연수역점,인천광역시,연수구,"인천광역시 연수구 먼우금로 190 1층(연수동,연수프라자)",000-0000-0708,126.676692,37.4140407
연수2동_대동월드점,인천광역시,연수구,인천광역시 연수구 용담로 148 (연수동),000-0000-0709,126.680221,37.412879
동춘2동_연수점,인천광역시,연수구,인천광역시 연수구 앵고개로 262 (동춘동),000-0000-0710,126.672564,37.4074789
논현2동_호구포점,인천광역시,남동구,"인천광역시 남동구 호구포로 220 1층(논현동,명진프라자)",000-0000-0711,126.710331,37.402361
논현동_논고개로점,인천광역시,남동구,"인천광역시 남동구 논고개로 118 1층 (논현동, 양진타워)",000-0000-0712,126.724497,37.4016833
논현동_논현점,인천광역시,남동구,"인천광역시 남동구 논고개로123번길 17 134호(논현동,아이플렉스)",000-0000-0713,126.723074,37.4016619
논현동_아이플렉스점,인천광역시,남동구,"인천광역시 남동구 논고개로123번길 17 105호(논현동,아이플렉스)",000-0000-0714,126.723074,37.4016619
논현동_인천논현점,인천광역시,남동구,"인천광역시 남동구 논고개로 101 (논현동, 아름다운타워)",000-0000-0715,126.724254,37.4000519
논현고잔동_골든프라자점,인천광역시,남동구,"인천광역시 남동구 논고개로 85 ((다회선) 찬솔외과) 1층 105호 골든프라자2(논현동,찬솔외과) 골든프라자)",000-0000-0716,126.725591,37.3988566
논현고잔동_라페스타점,인천광역시,남동구,"인천광역시 남동구 논고개로 71 1층 106호(논현동,가산타워)",000-0000-0717,126.726814,37.3980035
송도동_밀레니엄점,인천광역시,연수구,인천광역시 연수구 컨벤시아대로 69 LG유플러스 (송도동),000-0000-0718,126.650933,37.3956586
송도동_더샵점,인천광역시,연수구,"인천광역시 연수구 해돋이로 168-5 103호 (송도동, 송정프라자)",000-0000-0719,126.645455,37.3956512
송도동_송도센타프라자점,인천광역시,연수구,"인천광역시 연수구 신송로 121 1층 106호(송도동,송도센타프라자)",000-0000-0720,126.65186,37.3953189
송도동_인피니티점,인천광역시,연수구,인천광역시 연수구 해돋이로151번길 4 1층(송도동),000-0000-0721,126.645938,37.3939768
가정동_루원시티점,인천광역시,서구,"인천광역시 서구 가정로 437 (루원시티 SK Leaders VIEW) 106동 1층 B257호(가정동,루원시티 SK Leaders VIEW)",000-0000-0722,124.871698,32.5742766
신탄진동_신탄진네거리점,대전광역시,대덕구,대전광역시 대덕구 신탄진로 826 1층 101호(신탄진동),000-0000-0723,127.429054,36.4509359
신탄진동_신탄진역점,대전광역시,대덕구,대전광역시 대덕구 신탄진로 808 (신탄진동),000-0000-0724,127.429381,36.449583
봉산동_봉산로네거리점,대전광역시,유성구,대전광역시 유성구 봉산로 52 1층 102호(봉산동),000-0000-0725,127.385954,36.4378626
관평동_관평농협점,대전광역시,유성구,"대전광역시 유성구 테크노4로 119 1층 106호(관평동,리치스카이타워)",000-0000-0726,127.388998,36.4241011
반석동_반석역점,대전광역시,유성구,"대전광역시 유성구 반석로 13 1층 104,105호 (반석동, 웰빙타운)",000-0000-0727,127.313086,36.391503
노은동_노은광장점,대전광역시,유성구,대전광역시 유성구 은구비남로33번길 51 (지족동),000-0000-0728,127.319137,36.3745632
노은동_열매마을점,대전광역시,유성구,대전광역시 유성구 은구비남로33번길 18 103호 (지족동),000-0000-0729,127.319509,36.3730212
법1동_법1동주민센터점,대전광역시,대덕구,대전광역시 대덕구 계족로663번길 18 (법동),000-0000-0730,127.427734,36.3707735
법동_법동주민센터점,대전광역시,대덕구,대전광역시 대덕구 동춘당로 187 (법동),000-0000-0731,127.430835,36.3672028
만년동_만년남로점,대전광역시,서구,"대전광역시 서구 만년남로 9 1층 3호(만년동,만년코아)",000-0000-0732,127.376397,36.3660524
송촌동_먹자골목점,대전광역시,대덕구,대전광역시 대덕구 계족산로81번길 59 1층 (송촌동),000-0000-0733,127.438523,36.3651924
중리동_중리시장입구점,대전광역시,대덕구,대전광역시 대덕구 중리로64번길 2 1층(중리동),000-0000-0734,127.425306,36.3647264
궁동_한빛아파트점,대전광역시,유성구,대전광역시 유성구 농대로 23 (궁동),000-0000-0735,127.352938,36.3626632
월평동_백합네거리점,대전광역시,서구,대전광역시 서구 청사서로 46 (월평동),000-0000-0736,127.376957,36.3620134
중리동_중리네거리점,대전광역시,대덕구,대전광역시 대덕구 계족산로 2 조은크리닉 (중리동),000-0000-0737,127.432039,36.3613049
월평동_선사유적점,대전광역시,서구,대전광역시 서구 청사서로 26 (월평동),000-0000-0738,127.376937,36.3601661
장대동_장대동점,대전광역시,유성구,대전광역시 유성구 장대로 59 1층(장대동),000-0000-0739,127.335534,36.3600637
둔산동_이랜드피어점,대전광역시,서구,"대전광역시 서구 한밭대로 817 상가동 1층 118,125호(둔산동,이랜드 PEER 둔산)",000-0000-0740,127.389674,36.358296
월평동_월평역점,대전광역시,서구,"대전광역시 서구 월평중로 36 (월평동, 문룡빌딩)",000-0000-0741,127.364169,36.3579075
비래동_비래동로점,대전광역시,대덕구,대전광역시 대덕구 비래동로 20 (비래동),000-0000-0742,127.450268,36.3556055
봉명동_리베라점,대전광역시,유성구,대전광역시 유성구 계룡로 60 (봉명동),000-0000-0743,127.337584,36.354723
봉명동_유성온천사거리점,대전광역시,유성구,대전광역시 유성구 대학로 9 1층(봉명동),000-0000-0744,127.341394,36.3547123
봉명동_유성온천역점,대전광역시,유성구,"대전광역시 유성구 온천서로 2 1층 103호 (봉명동, 럭키타워)",000-0000-0745,127.339688,36.3545279
갈마동_갈마네거리점,대전광역시,서구,대전광역시 서구 계룡로 353 (갈마동),000-0000-0746,127.36845,36.353713
둔산동_파랑새네거리점,대전광역시,서구,"대전광역시 서구 대덕대로 229 (둔산동,둔산빌딩)",000-0000-0747,127.378921,36.353356
둔산동_타임월드점,대전광역시,서구,"대전광역시 서구 둔산로 34 1층 (둔산동, 씨엔씨타워)",000-0000-0748,127.37753,36.3513778
둔산동_타임월드네거리점,대전광역시,서구,대전광역시 서구 둔산로 52 (둔산동),000-0000-0749,127.379723,36.3510555
둔산3동_세이브존점,대전광역시,서구,대전광역시 서구 둔산로 214 (둔산동),000-0000-0750,127.397547,36.3510337
둔산동_시청역점,대전광역시,서구,"대전광역시 서구 둔산중로 50 1층(둔산동,파이낸스빌딩)",000-0000-0751,127.387131,36.3510047
갈마1동_주민센터점,대전광역시,서구,대전광역시 서구 신갈마로 176 시티팰리스 103동 1층 112호(갈마동),000-0000-0752,127.368631,36.349486
둔산동_은하수네거리점,대전광역시,서구,대전광역시 서구 대덕대로 179 (둔산동),000-0000-0753,127.376807,36.3494155
용전동_복합터미널서관점,대전광역시,동구,대전광역시 동구 동서대로 1679 1층 (용전동),000-0000-0754,127.436128,36.3492955
성남동_선샤인점,대전광역시,동구,대전광역시 동구 동서대로 1690 101호 (성남동),000-0000-0755,127.437608,36.3490739
탄방동_한가람네거리점,대전광역시,서구,대전광역시 서구 탄방로 3 (탄방동),000-0000-0756,127.390362,36.3464704
상대동_도안점,대전광역시,유성구,대전광역시 유성구 도안대로 511-7 (상대동),000-0000-0757,127.339594,36.3456426
괴정동_롯데백화점점,대전광역시,서구,대전광역시 서구 계룡로 590 (괴정동),000-0000-0758,127.388811,36.3414739
탄방동_애플센터점,대전광역시,서구,대전광역시 서구 계룡로 639 (탄방동),000-0000-0759,127.39351,36.3390255
목동_목중로점,대전광역시,중구,대전광역시 중구 목중로 47 1층 101호(목동),000-0000-0760,127.40933,36.3374585
중촌동_선병원점,대전광역시,중구,대전광역시 중구 목중로 22 (중촌동),000-0000-0761,127.411562,36.3360721
괴정동_한민시장점,대전광역시,서구,대전광역시 서구 가장로 94 88-6 (괴정동),000-0000-0762,127.384266,36.3345766
도안동_목원대점,대전광역시,서구,"대전광역시 서구 동서대로 700 1층 102호(도안동,FM프라임타워)",000-0000-0763,127.34047,36.3318161
대동_대동오거리점,대전광역시,동구,대전광역시 동구 동대전로 79 (대동),000-0000-0764,127.442881,36.3298506
원동_중앙시장점,대전광역시,동구,대전광역시 동구 대전천동로 534 (원동),000-0000-0765,127.431069,36.3287041
은행동_애플센터점,대전광역시,중구,대전광역시 중구 중앙로156번길 13 은행직영점 (은행동),000-0000-0766,127.427292,36.3285644
대동_이스트시티점,대전광역시,동구,대전광역시 동구 동대전로46번길 7 0동 1층 101호(대동),000-0000-0767,127.440276,36.328166
은행동_성심당네거리점,대전광역시,중구,대전광역시 중구 대종로480번길 7 (은행동),000-0000-0768,127.427009,36.3276102
태평동_태평시장입구점,대전광역시,중구,"대전광역시 중구 평촌로 111 B상가 101호 (태평동, 태평아파트)",000-0000-0769,127.399348,36.3238935
태평동_뉴삼부프라자점,대전광역시,중구,"대전광역시 중구 태평로 71 108호 ,109호(태평동,삼부프라자)",000-0000-0770,127.393353,36.3232735
오류동_세이점,대전광역시,중구,대전광역시 중구 계백로 1693 (오류동),000-0000-0771,127.40762,36.3213785
문화동_홈플러스점,대전광역시,중구,"대전광역시 중구 계백로1686번길 16 101동 102호 (문화동, 한신휴플러스보르미아파트)",000-0000-0772,127.406234,36.3202387
유천동_유천네거리점,대전광역시,중구,대전광역시 중구 계백로 1607 (유천동),000-0000-0773,127.398599,36.3189666
판암동_판암역점,대전광역시,동구,"대전광역시 동구 옥천로 183 111호 (판암동, 판암퍼스트타워)",000-0000-0774,127.461222,36.3182014
유천동_버드내점,대전광역시,중구,대전광역시 중구 태평로 12-1 1층 (유천동),000-0000-0775,127.392091,36.3179967
부사동_부사시장점,대전광역시,중구,대전광역시 중구 대종로 312 (부사동),000-0000-0776,127.434918,36.3138209
도마동_도마네거리점,대전광역시,서구,대전광역시 서구 도산로 51 도마라이프클리닉 1층 (도마동),000-0000-0777,127.379552,36.313378
문창동_부사오거리점,대전광역시,중구,대전광역시 중구 대종로 304 (문창동),000-0000-0778,127.435404,36.3131522
정림동_정림삼거리점,대전광역시,서구,대전광역시 서구 정림로 72 (정림동),000-0000-0779,127.365124,36.306727
가오동_예시티점,대전광역시,동구,대전광역시 동구 동구청로 95 1층 103호 (가오동),000-0000-0780,127.456722,36.3064944
가오동_은어송점,대전광역시,동구,"대전광역시 동구 은어송로 55 (가오동, KB그린타워)",000-0000-0781,127.455284,36.3061664
산성동_시장입구점,대전광역시,중구,대전광역시 중구 대둔산로408번길 5 (산성동),000-0000-0782,127.386886,36.3057486
가수원동_CGV점,대전광역시,서구,"대전광역시 서구 도안동로11번길 45 1층 111호 (도안동, KDUPLAZA)",000-0000-0783,127.350755,36.3054722
산성동_산성네거리점,대전광역시,중구,대전광역시 중구 보문산로 55 1동 1층 1호(산성동),000-0000-0784,127.386514,36.3048847
관저동_구봉마을점,대전광역시,서구,대전광역시 서구 관저중로 92 (관저동),000-0000-0785,127.335201,36.3003168
원내동_진잠네거리점,대전광역시,유성구,대전광역시 유성구 원내로 38 원내코아 1층 (원내동),000-0000-0786,127.319768,36.299665
관저동_하이존점,대전광역시,서구,대전광역시 서구 관저로 157 (관저동),000-0000-0787,127.339773,36.2993217
복수동_행정복지센터점,대전광역시,서구,대전광역시 서구 복수동로 60 1층 101호(복수동),000-0000-0788,127.378147,36.2990447
신천동_호계점,울산광역시,북구,울산광역시 북구 제내2길 2 (신천동),000-0000-0789,129.351157,35.6315663
화봉동_화봉로점,울산광역시,북구,울산광역시 북구 화봉로 69 (화봉동),000-0000-0790,129.366538,35.5887362
북구_화봉동사거리점,울산광역시,북구,"울산광역시 북구 화봉로 76 1동 1층 1호(연암동,방보경빌딩)",000-0000-0791,129.367397,35.5879444
범서읍_구영점,울산광역시,울주군,울산광역시 울주군 범서읍 구영로 94 엠프라자 1층 109호 (외1필지),000-0000-0792,129.241221,35.5742905
남외동_병영사거리점,울산광역시,중구,울산광역시 중구 번영로 582 (남외동),000-0000-0793,129.345654,35.5685916
남외동_병영오거리점,울산광역시,중구,울산광역시 중구 번영로 568 1층 (남외동),000-0000-0794,129.344133,35.5682337
언양읍_언양터미널점,울산광역시,울주군,울산광역시 울주군 언양읍 헌양길 12 .,000-0000-0795,129.126828,35.5643512
반구2동_반구점,울산광역시,중구,울산광역시 중구 화합로 437 (반구동),000-0000-0796,129.33615,35.5637392
범서읍_천상중앙길점,울산광역시,울주군,울산광역시 울주군 범서읍 천상중앙길 96 1층매장(천상리),000-0000-0797,129.226046,35.5627676
태화동_유곡로점,울산광역시,중구,울산광역시 중구 유곡로 1 1층(태화동),000-0000-0798,129.309249,35.5562291
성남동_먹자골목점,울산광역시,중구,울산광역시 중구 젊음의거리 29-16 (성남동),000-0000-0799,129.31852,35.5542581
성남동_메가박스점,울산광역시,중구,울산광역시 중구 젊음의거리 71 1층 (성남동),000-0000-0800,129.320931,35.5541396
무거동_신복로터리점,울산광역시,남구,울산광역시 남구 대학로 163 (무거동),000-0000-0801,129.262684,35.5491914
신정1동_신정시장점,울산광역시,남구,울산광역시 남구 중앙로 259 (신정동),000-0000-0802,129.310229,35.5438838
동부동_옥류사거리점,울산광역시,동구,울산광역시 동구 동해안로 25 엘지유플러스 (동부동),000-0000-0803,129.426298,35.5417577
신정동_신정사거리점,울산광역시,남구,울산광역시 남구 중앙로 234 1층 101호 (신정동),000-0000-0804,129.311797,35.5416732
삼산동_업스퀘어점,울산광역시,남구,울산광역시 남구 삼산중로74번길 25 1층 (삼산동),000-0000-0805,129.338379,35.5409896
삼산동_젊음의거리점,울산광역시,남구,울산광역시 남구 삼산로267번길 6-16 (삼산동),000-0000-0806,129.33711,35.5398158
삼산동_현대백화점점,울산광역시,남구,울산광역시 남구 삼산로267번길 6-12 1층 (삼산동),000-0000-0807,129.336789,35.5397589
무거동_울산대점,울산광역시,남구,울산광역시 남구 대학로 50 1층 (무거동),000-0000-0808,129.257557,35.5397272
서부동_방어진순환로점,울산광역시,동구,울산광역시 동구 방어진순환도로 1128 1층 LGU+,000-0000-0809,129.42574,35.5396875
삼산동_롯데백화점점,울산광역시,남구,울산광역시 남구 삼산로 274 103호 (삼산동),000-0000-0810,129.337041,35.5389521
달동_달점,울산광역시,남구,울산광역시 남구 신정로 35 (달동),000-0000-0811,129.321978,35.53499
신정동_공업탑점,울산광역시,남구,울산광역시 남구 삼산로 11 1층(신정동),000-0000-0812,129.309011,35.5329503
야음동_수암로점,울산광역시,남구,울산광역시 남구 수암로 129 (야음동),000-0000-0813,129.321546,35.5280152
전하2동_울산시장점,울산광역시,동구,울산광역시 동구 진성14길 96 (전하동),000-0000-0814,129.426087,35.5098383
전하2동_아이파크점,울산광역시,동구,울산광역시 동구 진성4길 50 (전하동),000-0000-0815,129.426618,35.5091879
전하동_푸르지오점,울산광역시,동구,"울산광역시 동구 봉수로 250 302동 1층 109호(전하동,울산전하푸르지오)",000-0000-0816,129.421807,35.5089512
일산동_일산점,울산광역시,동구,울산광역시 동구 방어진순환도로 645 (일산동),000-0000-0817,129.428088,35.4994451
화정동_동구과학대점,울산광역시,동구,울산광역시 동구 대학길 33 1층(화정동),000-0000-0818,129.419605,35.4987595
온산읍_덕신소공원점,울산광역시,울주군,울산광역시 울주군 온산읍 덕남로 3 1층(덕신리),000-0000-0819,129.311894,35.4335167
조치원읍_시장입구점,세종특별자치시,조치원읍,세종특별자치시   조치원읍 조치원로 30,000-0000-0820,127.300025,36.6013331
조치원읍_시장점,세종특별자치시,조치원읍,세종특별자치시   조치원읍 새내로 92,000-0000-0821,127.298456,36.6001745
도담동_한신휴시티점,세종특별자치시,보듬3로,세종특별자치시   보듬3로 8-20 세종특별자치시 한신휴시 티 114호 (도담동),000-0000-0822,127.25852,36.5146319
아름동_범지기마을네거리점,세종특별자치시,보듬3로,"세종특별자치시   보듬3로 92 1동 114호 LG유플러스 (아름동, 해피라움2)",000-0000-0823,127.249457,36.5119026
종촌동_CGV점,세종특별자치시,도움1로,"세종특별자치시   도움1로 108 1층 103호 (종촌동, 몰리브(Mallive))",000-0000-0824,127.247563,36.5025886
반곡동_주민센터점,세종특별자치시,한누리대로,세종특별자치시   한누리대로 1834 1층 104호 (반곡동),000-0000-0825,127.311091,36.4979619
다정동_다정중앙로점,세종특별자치시,다정중앙로,"세종특별자치시   다정중앙로 57 108호 (다정동, 다정센타프라자)",000-0000-0826,127.248512,36.4956118
일상의틈_나성동_나릿재마을점,세종특별자치시,한누리대로,"세종특별자치시   한누리대로 296 101호 외 3개호 (나성동, 밀레니엄)",000-0000-0827,127.2569,36.4906828
나성동_싱싱장터점,세종특별자치시,한누리대로,"세종특별자치시   한누리대로 253 1층 111호 (나성동, 에스빌딩)",000-0000-0828,127.257245,36.4867981
새롬동_새롬주민센터점,세종특별자치시,새롬중앙로,"세종특별자치시   새롬중앙로 51 105호 (새롬동, 에스월드빌딩)",000-0000-0829,127.251527,36.4856478
소담동_주민센터점,세종특별자치시,한누리대로,"세종특별자치시   한누리대로 2018 109호 (소담동, 사이언스타운)",000-0000-0830,127.299387,36.4847178
보람동_세종시청점,세종특별자치시,한누리대로,"세종특별자치시   한누리대로 2143 1층 109호 (보람동, 금강시티타워)",000-0000-0831,127.288438,36.4780401
대평동_해들마을점,세종특별자치시,대평로,"세종특별자치시   대평로 71 1층 107-2호 (대평동, 펠리체타워1차)",000-0000-0832,127.277206,36.4732724
전곡읍 택시승강장앞점,경기도,연천군,경기도 연천군 전곡읍 전곡로 160-1 1층(전곡리),000-0000-0833,127.068204,38.0264493
동두천_어수사거리점,경기도,동두천시,경기도 동두천시 중앙로 235-1 (생연동),000-0000-0834,127.063556,37.9038354
송내동_지행역사거리점,경기도,동두천시,경기도 동두천시 지행로 59 메니컬센터 1층 (지행동),000-0000-0835,127.053758,37.8926595
지행동_지행로점,경기도,동두천시,"경기도 동두천시 지행로 52 1층 101호 102호 103호 (지행동, 송내프라자)",000-0000-0836,127.052985,37.8920562
문산리_문산점,경기도,파주시,경기도 파주시 문산읍 문향로 74 1층 (맥도날드),000-0000-0837,126.785808,37.858256
문산읍_문산삼거리점,경기도,파주시,경기도 파주시 문산읍 문향로 66 1층 (롯데리아),000-0000-0838,126.785162,37.8576242
회천1동_덕정역점,경기도,양주시,경기도 양주시 화합로 1355 (덕정동),000-0000-0839,127.062347,37.8439954
덕정동_예쓰병원옆점,경기도,양주시,경기도 양주시 회정로 107 LG유플러스 (덕정동),000-0000-0840,127.065148,37.8376782
회천3동_주민센터점,경기도,양주시,경기도 양주시 회정로 134 두리테크 1층 (덕정동),000-0000-0841,127.068555,37.8371358
소흘읍_소흘농협하나로마트점,경기도,포천시,경기도 포천시 소흘읍 송우로 33 .,000-0000-0842,127.144912,37.8280219
옥정동_옥정뉴블리움점,경기도,양주시,경기도 양주시 옥정로6길 8 1층 108호(옥정동),000-0000-0843,127.092212,37.8221371
덕계동_근린공원앞점,경기도,양주시,경기도 양주시 평화로 1444 1층 우측(덕계동),000-0000-0844,127.047108,37.8194784
덕계역_1번출구점,경기도,양주시,"경기도 양주시 덕계로 132-14 1층 103,104호(덕계동,정민타운)",000-0000-0845,127.055296,37.8188623
회천4동_옥정M타워점,경기도,양주시,"경기도 양주시 회천남로 88 109호(옥정동,M타워)",000-0000-0846,127.092775,37.8185239
덕계동_리치마트옆점,경기도,양주시,경기도 양주시 평화로 1429 1층(덕계동),000-0000-0847,127.045699,37.8184789
옥정동_중앙프라자점,경기도,양주시,경기도 양주시 옥정로 147 중앙프라자동 1층 104호 LG유플러스 (옥정동),000-0000-0848,127.090113,37.8151023
양주_고읍지구점,경기도,양주시,경기도 양주시 고읍남로 15 (광사동),000-0000-0849,127.079927,37.7946849
양주_백석점,경기도,양주시,경기도 양주시 백석읍 호명로 68 1동 1층 104호(복지리),000-0000-0850,126.992176,37.787404
금촌동_금촌사거리점,경기도,파주시,경기도 파주시 새꽃로 194 (금촌동),000-0000-0851,126.774422,37.7651754
금촌동_금촌역점,경기도,파주시,경기도 파주시 중앙로 327 엘지유플러스,000-0000-0852,126.773959,37.7646249
녹양동_현대APT점,경기도,의정부시,경기도 의정부시 비우로 81 (녹양동),000-0000-0853,127.035677,37.7583794
금촌동_금촌로터리점,경기도,파주시,경기도 파주시 후곡로 1 (금촌동),000-0000-0854,126.773958,37.7573722
금촌동_금릉지하차도점,경기도,파주시,"경기도 파주시 금빛로 24-27 109호 (금촌동, 제일메디컬빌딩)",000-0000-0855,126.768256,37.7519283
금촌동_금릉역점,경기도,파주시,"경기도 파주시 금빛로 24 1층 (금촌동, 우평프라자)",000-0000-0856,126.766951,37.7519257
자금동_홈플러스맞은편점,경기도,의정부시,"경기도 의정부시 청사로 37 신세계프라자 110호,111호 엘지유플러스",000-0000-0857,127.069839,37.7514992
민락동_코스트코점,경기도,의정부시,경기도 의정부시 용민로 483 1동 1층 113호(민락동),000-0000-0858,127.118086,37.7507676
가능역_2번출구점,경기도,의정부시,"경기도 의정부시 평화로 636 1층 (의정부동, 대호빌딩)",000-0000-0859,127.045464,37.7486728
가능1동_주민센터점,경기도,의정부시,경기도 의정부시 신흥로 356 (가능동),000-0000-0860,127.042843,37.747917
신곡2동_금오지구대점,경기도,의정부시,경기도 의정부시 추동로92번길 11-23 (신곡동),000-0000-0861,127.065501,37.7473482
민락동_메가박스점,경기도,의정부시,"경기도 의정부시 오목로205번길 55 1층 6호(민락동,메가타워)",000-0000-0862,127.095726,37.7458323
민락동_민락지구점,경기도,의정부시,경기도 의정부시 오목로205번길 1 (민락동),000-0000-0863,127.098062,37.7445961
의정부_민락2지구점,경기도,의정부시,"경기도 의정부시 오목로225번길 162 (민락동,1층 민락시티프라자)",000-0000-0864,127.095804,37.7445619
송산2동_어룡역점,경기도,의정부시,"경기도 의정부시 효자로 10 101호 (민락동, 송산중앙프라자)",000-0000-0865,127.086238,37.74347
조리읍_봉일천점,경기도,파주시,경기도 파주시 조리읍 고봉로 1035 .,000-0000-0866,126.80797,37.743468
송산2동_신안아파트점,경기도,의정부시,"경기도 의정부시 용현로 143 112호 (민락동, 산들마을신한아파트)",000-0000-0867,127.092908,37.7422036
의정부1동_구터미널점,경기도,의정부시,경기도 의정부시 태평로 102 LGU+ (의정부동),000-0000-0868,127.051825,37.7414626
의정부1동_흥선지하삼거리점,경기도,의정부시,경기도 의정부시 평화로 548-1 (의정부동),000-0000-0869,127.047343,37.7409238
의정부1동_의정부중앙로점,경기도,의정부시,"경기도 의정부시 시민로121번길 52 1층 (의정부동, 현대빌딩)",000-0000-0870,127.050043,37.7405173
의정부1동_행복로점,경기도,의정부시,경기도 의정부시 행복로 7 전체동 1층 (의정부동),000-0000-0871,127.04817,37.739545
의정부동_의정부역점,경기도,의정부시,경기도 의정부시 시민로 81 105호 (의정부동),000-0000-0872,127.044267,37.7386906
다율동_다율사거리점,경기도,파주시,"경기도 파주시 청암로 75 상상메디컬프라자 107호, 108호",000-0000-0873,126.733006,37.7347981
송산1동_용현프라자옆점,경기도,의정부시,경기도 의정부시 오목로 17 (용현동),000-0000-0874,127.084944,37.7324972
와동동_가람마을점,경기도,파주시,"경기도 파주시 미래로 610 106호(와동동,운정메디컬프라자)",000-0000-0875,126.751428,37.7316492
신곡1동_주민센터점,경기도,의정부시,경기도 의정부시 발곡로 22 (신곡동) 신풍프라자 101호 102호,000-0000-0876,127.057104,37.731027
고산동_고산지구점,경기도,의정부시,경기도 의정부시 세석로 20 폴리프라자Ⅰ 1층 109호(산곡동),000-0000-0877,127.109092,37.7297747
운정동_스타필드빌리지점,경기도,파주시,"경기도 파주시 책향기로 836 1층 111호(와동동,아름터타워)",000-0000-0878,126.763744,37.729242
목동동_산내마을점,경기도,파주시,경기도 파주시 청암로17번길 31 (목동동),000-0000-0879,126.735876,37.7284348
호원2동_범골역점,경기도,의정부시,경기도 의정부시 신흥로 125 1층 엘지유플러스 (호원동),000-0000-0880,127.043387,37.7273297
호원2동_회룡역점,경기도,의정부시,경기도 의정부시 평화로 381 LG유플러스 (호원동),000-0000-0881,127.047719,37.7259496
동패동_교하사거리점,경기도,파주시,경기도 파주시 청석로 256 (동패동),000-0000-0882,126.717718,37.7246625
호원2동_회룡역서부점,경기도,의정부시,경기도 의정부시 외미로 100 1층 LGU (호원동),000-0000-0883,127.046391,37.7240131
진접읍_장현초교점,경기도,남양주시,경기도 남양주시 진접읍 장현로 83 1층,000-0000-0884,127.181561,37.7179646
진접읍_해밀점,경기도,남양주시,경기도 남양주시 진접읍 해밀예당3로 57 .,000-0000-0885,127.197873,37.7147762
야당동_야당역점,경기도,파주시,경기도 파주시 경의로 1074 (야당동),000-0000-0886,126.759906,37.71317
진접읍_롯데시네마점,경기도,남양주시,경기도 남양주시 진접읍 해밀예당1로 40 (화성프라자),000-0000-0887,127.186866,37.7122533
동패동_운정사거리점,경기도,파주시,경기도 파주시 와석순환로 125 (동패동),000-0000-0888,126.74562,37.7120678
호원1동_망월사역점,경기도,의정부시,경기도 의정부시 평화로 220 LG유플러스 (호원동),000-0000-0889,127.048051,37.7112637
야당동_광장점,경기도,파주시,경기도 파주시 경의로 1046 야당역 이더펠리체 오피스텔 1층 2호(야당동),000-0000-0890,126.759381,37.7106733
의정부_망월사교차로점,경기도,의정부시,"경기도 의정부시 평화로 206 1층 엘지유플러스(호원동,보광그랑베르)",000-0000-0891,127.048107,37.7102276
별내면_청학리점,경기도,남양주시,경기도 남양주시 별내면 청학로68번길 3 1층 (금강빌딩),000-0000-0892,127.119141,37.7076463
고양동_고양시장점,경기도,고양시 덕양구,경기도 고양시 덕양구 혜음로 34 1층 LG유플러스 (고양동),000-0000-0893,126.902319,37.7034921
중산동_중산공원사거리점,경기도,고양시 일산동구,"경기도 고양시 일산동구 탄중로 322 1층 104호(중산동,고봉프라자)",000-0000-0894,126.780742,37.6931373
통진읍_마송점,경기도,김포시,경기도 김포시 통진읍 조강로 66-1,000-0000-0895,126.598888,37.6914586
탄현동_탄현사거리점,경기도,고양시 일산서구,"경기도 고양시 일산서구 일현로 38 1층 엘지유플러스 (탄현동, 세진프라자)",000-0000-0896,126.762723,37.6905435
오남읍_진주아파트점,경기도,남양주시,경기도 남양주시 오남읍 진건오남로 639 .,000-0000-0897,127.213046,37.6902346
마송리_하나로마트점,경기도,김포시,경기도 김포시 통진읍 김포대로 2214 .,000-0000-0898,126.600089,37.6894895
관산동_관산점,경기도,고양시 덕양구,경기도 고양시 덕양구 통일로 760 1층 (관산동),000-0000-0899,126.865708,37.6878959
일산동_구일산시장점,경기도,고양시 일산서구,경기도 고양시 일산서구 원일로 69 (일산동),000-0000-0900,126.770183,37.6868103
일산동_일산서구보건소사거리점,경기도,고양시 일산서구,경기도 고양시 일산서구 원일로 121 1층(일산동),000-0000-0901,126.775653,37.6852262
일산동_일산시장점,경기도,고양시 일산서구,경기도 고양시 일산서구 일청로 2 1층 LG유플러스 (일산동),000-0000-0902,126.769782,37.6846111
중산동_중산사거리점,경기도,고양시 일산동구,경기도 고양시 일산동구 고양대로 739 (중산동),000-0000-0903,126.778528,37.6828621
일산동_후곡마을점,경기도,고양시 일산서구,"경기도 고양시 일산서구 일산로 558 1층(일산동,서울프라자)",000-0000-0904,126.766388,37.678667
식사동_스타타워점,경기도,고양시 일산동구,"경기도 고양시 일산동구 위시티2로11번길 31 제1층 113호(식사동,위시티스타타워빌딩)",000-0000-0905,126.812142,37.6779204
일산동_후곡코오롱아파트점,경기도,고양시 일산서구,경기도 고양시 일산서구 일산로 531 (일산동),000-0000-0906,126.76857,37.6770316
대화동_대화사거리점,경기도,고양시 일산서구,"경기도 고양시 일산서구 중앙로 1576 1층 LGU (대화동, 태진프라자)",000-0000-0907,126.747169,37.6766721
대화동_대화역3번출구점,경기도,고양시 일산서구,"경기도 고양시 일산서구 중앙로 1573 1층 104호(대화동,킨텍스프라자)",000-0000-0908,126.746979,37.6759328
주엽동_주엽그랜드점,경기도,고양시 일산서구,경기도 고양시 일산서구 중앙로 1426 일송노브레스 108호 (주엽동),000-0000-0909,126.761938,37.670252
풍동_풍동점,경기도,고양시 일산동구,"경기도 고양시 일산동구 숲속마을로 26 104 105호 (풍동, 풍동프라자)",000-0000-0910,126.800415,37.6673056
별내동_아이파크점,경기도,남양주시,경기도 남양주시 별내3로 336 LG유플러스 (별내동),000-0000-0911,127.116844,37.6671409
일상의틈_장항동_라페스타점,경기도,고양시 일산동구,"경기도 고양시 일산동구 중앙로1275번길 38-5 1층 (장항동, 이레21빌딩)",000-0000-0912,126.770382,37.6594391
주교동_원당시장점,경기도,고양시 덕양구,경기도 고양시 덕양구 호국로 803 1층 엘지유플러스 원당시장 (주교동),000-0000-0913,126.837001,37.6576677
화도읍_중흥점,경기도,남양주시,경기도 남양주시 화도읍 맷돌로 114 102호 LG 유플러스,000-0000-0914,127.302878,37.6573789
장항동_웨스턴농협점,경기도,고양시 일산동구,경기도 고양시 일산동구 정발산로 33 101호 낙원프라자 (장항동),000-0000-0915,126.772712,37.6572002
성사동_원당시장점,경기도,고양시 덕양구,"경기도 고양시 덕양구 호국로790번길 17 1층 109호 (원당)(성사동,영프라자)",000-0000-0916,126.837287,37.6562626
운양동_운양점,경기도,김포시,"경기도 김포시 김포한강11로 288-5 108호 (운양동, 한강베네치아)",000-0000-0917,126.681741,37.6553851
호평동_메가박스점,경기도,남양주시,"경기도 남양주시 늘을2로 26 1층 (호평동, 메인시네마타워)",000-0000-0918,127.244054,37.6550639
마두동_백마학원가점,경기도,고양시 일산동구,"경기도 고양시 일산동구 일산로 207 1층 106,107호(마두동,신현대쇼핑타운)",000-0000-0919,126.789434,37.6547718
장항동_웨스턴돔스퀘어점,경기도,고양시 일산동구,"경기도 고양시 일산동구 정발산로 24 A동 170호 (장항동, 웨스턴돔)",000-0000-0920,126.772617,37.6547584
성사동_원당역점,경기도,고양시 덕양구,경기도 고양시 덕양구 고양대로 1383-2 (성사동),000-0000-0921,126.83796,37.6544255
호평동_호평역점,경기도,남양주시,"경기도 남양주시 늘을1로16번길 29 1층 (호평동, 늘봄타워)",000-0000-0922,127.243314,37.6540744
마두동_뉴코아백화점점,경기도,고양시 일산동구,"경기도 고양시 일산동구 중앙로 1194 105호 (마두동, 금강프라자)",000-0000-0923,126.777301,37.6535421
화도읍_마석점,경기도,남양주시,경기도 남양주시 화도읍 마석중앙로 63-1 1층,000-0000-0924,127.307051,37.652566
퇴계원면_퇴계원점,경기도,남양주시,경기도 남양주시 퇴계원읍 퇴계원로 64 (퇴계원리),000-0000-0925,127.142681,37.6522016
별내동_신안인스빌점,경기도,남양주시,경기도 남양주시 별내5로5번길 1 106호 (별내동),000-0000-0926,127.11352,37.6496292
원흥동_원흥역점,경기도,고양시 덕양구,경기도 고양시 덕양구 원흥3로 16 1층 (원흥동),000-0000-0927,126.87481,37.6492181
화도읍_창현점,경기도,남양주시,경기도 남양주시 화도읍 창현로 27 LG유플러스,000-0000-0928,127.305845,37.6485597
장기동_장기농협점,경기도,김포시,경기도 김포시 김포한강4로 131 (장기동),000-0000-0929,126.6665,37.6449185
일상의틈_구래동_애비뉴스완점,경기도,김포시,"경기도 김포시 솔터로 22 157 ~ 160호(구래동,메트로타워예미지)",000-0000-0930,126.630537,37.6448921
구래동_구래역4번출구점,경기도,김포시,"경기도 김포시 김포한강9로76번길 47 103호(구래동,폴리프라자)",000-0000-0931,126.627138,37.6448273
장기동_장기지구점,경기도,김포시,경기도 김포시 김포한강4로 113 (장기동),000-0000-0932,126.668465,37.6438429
구래동_구래점,경기도,김포시,"경기도 김포시 김포한강8로 378 111호 (구래동, 웅신프라자)",000-0000-0933,126.626985,37.6436285
백석동_백석역점,경기도,고양시 일산동구,"경기도 고양시 일산동구 중앙로 1047 106호 (백석동, 영림브레아오피스텔)",000-0000-0934,126.787213,37.6431002
화정동_덕양구청점,경기도,고양시 덕양구,경기도 고양시 덕양구 화중로104번길 30 한성리츠빌 101호 엘지유플러스(화정동),000-0000-0935,126.833061,37.6360207
화정동_세이브존점,경기도,고양시 덕양구,"경기도 고양시 덕양구 화정로 47 107호 LG 유플러스 (화정동, 동원텔)",000-0000-0936,126.831397,37.6351624
금곡동_금곡초교점,경기도,남양주시,"경기도 남양주시 금곡로 69 (금곡동,금곡빌딩)",000-0000-0937,127.210725,37.6347026
화정동_화정터미널점,경기도,고양시 덕양구,경기도 고양시 덕양구 화신로260번길 74 (화정동),000-0000-0938,126.833666,37.6340394
화정동_광장점,경기도,고양시 덕양구,"경기도 고양시 덕양구 화신로272번길 58 103호 (화정동, 영프라자빌딩)",000-0000-0939,126.832092,37.6336317
갈매동_중앙로사거리점,경기도,구리시,경기도 구리시 갈매중앙로 70 1층 122호(갈매동),000-0000-0940,127.117116,37.6305249
다산동_롯데캐슬점,경기도,남양주시,"경기도 남양주시 다산순환로 350 1층 113호 (다산동, KB골든타워)",000-0000-0941,127.156383,37.6259029
다산동_다산역점,경기도,남양주시,"경기도 남양주시 다산중앙로123번길 22-26 다산헤리움 그랑비스타 102호 ,103호(다산동)",000-0000-0942,127.153334,37.6251951
토당동_능곡점,경기도,고양시 덕양구,경기도 고양시 덕양구 토당로 105 2동 1층 109호(토당동),000-0000-0943,126.812326,37.6231864
감정동_감정점,경기도,김포시,경기도 김포시 중봉1로 9 1층(감정동),000-0000-0944,126.698871,37.6230131
사우동_BYC점,경기도,김포시,"경기도 김포시 사우중로 49 1층 (사우동, BYC빌딩)",000-0000-0945,126.718662,37.6194673
사우동_GS슈퍼마켓맞은편점,경기도,김포시,경기도 김포시 사우중로 45 김포코아센터 1층 109호 (사우동),000-0000-0946,126.718482,37.6192326
행신동_가라뫼사거리점,경기도,고양시 덕양구,"경기도 고양시 덕양구 행신로 266 104호 (행신동, 월드타워)",000-0000-0947,126.844653,37.6187378
행신동_행신사거리점,경기도,고양시 덕양구,"경기도 고양시 덕양구 충경로 38 1층 (행신동, 진일프라자)",000-0000-0948,126.83381,37.61511
인창동_인창점,경기도,구리시,"경기도 구리시 동구릉로 95 상가 (인창동, 아름마을일신아파트)",000-0000-0949,127.13415,37.6090636
다산동_이마트다산점,경기도,남양주시,"경기도 남양주시 도농로 29 LG유플러스 (도농동, 부영프라자)",000-0000-0950,127.156777,37.6084233
풍무동_풍무점,경기도,김포시,경기도 김포시 풍무로 105 1층(풍무동),000-0000-0951,126.721775,37.6049149
인창동_구리역점,경기도,구리시,"경기도 구리시 경춘로 253 (인창동, 황금시계빌딩)",000-0000-0952,127.142982,37.6022149
인창동_리멕스점,경기도,구리시,"경기도 구리시 경춘로 239 (인창동,리맥스빌딩)",000-0000-0953,127.1416,37.6015949
인창동_돌다리사거리점,경기도,구리시,"경기도 구리시 경춘로 223 (인창동,명동빌딩)",000-0000-0954,127.140047,37.6009119
고촌읍_고촌점,경기도,김포시,경기도 김포시 고촌읍 김포대로 329 (신곡리),000-0000-0955,126.770803,37.6002006
수택2동_남양시장점,경기도,구리시,경기도 구리시 검배로60번길 4 1층 101호 (수택동),000-0000-0956,127.144942,37.5966174
수택동_수택점,경기도,구리시,경기도 구리시 이문안로 67 1층 101호(수택동),000-0000-0957,127.139035,37.5924799
수택동_장자호수공원점,경기도,구리시,경기도 구리시 장자대로 80 (수택동),000-0000-0958,127.139376,37.5872808
와부읍_덕소점,경기도,남양주시,경기도 남양주시 와부읍 덕소로 89-1,000-0000-0959,127.2124,37.5860376
와부읍_해피트리점,경기도,남양주시,"경기도 남양주시 와부읍 덕소로116번길 12 101동 1층 112,113호 (덕소강변신일해피트리아파트)",000-0000-0960,127.211977,37.5846689
망월동_미사상업지구점,경기도,하남시,경기도 하남시 미사강변대로226번안길 15 (망월동),000-0000-0961,127.185005,37.5691989
미사동_미사역8번출구점,경기도,하남시,"경기도 하남시 미사강변동로 70 (망월동,더 오페라)",000-0000-0962,127.194018,37.5613369
신장동_하남시청점,경기도,하남시,"경기도 하남시 대청로 15 106호 (신장동, 오피스텔트레벨)",000-0000-0963,127.213901,37.540562
덕풍동_하남프라자점,경기도,하남시,"경기도 하남시 신장로 156 1층 104호 (덕풍동, 하남프라자)",000-0000-0964,127.20194,37.5399432
신장동_신장네거리점,경기도,하남시,경기도 하남시 신장로 130 1층(덕풍동),000-0000-0965,127.203949,37.538363
신장동_신장사거리점,경기도,하남시,경기도 하남시 신평로 49 (신장동),000-0000-0966,127.204526,37.5382629
오정동_OBS점,경기도,부천시 오정구,"경기도 부천시 오정구 오정로 249 1층 112호 (오정동, 오정프라자)",000-0000-0967,126.785942,37.5298439
고강1동_고강시장점,경기도,부천시 오정구,경기도 부천시 오정구 역곡로481번길 14 (고강동),000-0000-0968,126.815463,37.5279389
고강본동_고강사거리점,경기도,부천시 오정구,"경기도 부천시 오정구 역곡로 480 1층 (고강동, 양천프라자빌딩)",000-0000-0969,126.81637,37.5273277
원종1동_원종역점,경기도,부천시 오정구,경기도 부천시 오정구 소사로 750 (원종동),000-0000-0970,126.805147,37.5229037
원종1동_여월점,경기도,부천시 오정구,"경기도 부천시 오정구 소사로 719 1층 103호 (원종동, 관우프라자)",000-0000-0971,126.804566,37.5201817
감일동_스윗시티10단지점,경기도,하남시,경기도 하남시 신우실로 61 푸리마타워동 1층(감일동),000-0000-0972,127.161696,37.5099294
도당동_도당점,경기도,부천시 원미구,경기도 부천시 원미구 옥산로 153 (도당동),000-0000-0973,126.780001,37.5071458
감이동_감일제일풍경채점,경기도,하남시,"경기도 하남시 감일백제로 161 1동 1층 111호(감이동,월드퍼스티)",000-0000-0974,127.155617,37.5070814
상동_상동사거리점,경기도,부천시 원미구,경기도 부천시 원미구 상동로 87 (상동),000-0000-0975,126.7524,37.5051898
중동_부천시청역4번출구점,경기도,부천시 원미구,"경기도 부천시 원미구 길주로 189 1층 102호 일부 (중동, 우신빌딩)",000-0000-0976,126.763552,37.5051767
상2동_상동역1번출구점,경기도,부천시 원미구,경기도 부천시 원미구 상동로 90 121호 (상동),000-0000-0977,126.753724,37.5051205
중동_부천시청점,경기도,부천시 원미구,"경기도 부천시 원미구 길주로 209 101호 (중동, 솔라리움B동)",000-0000-0978,126.76586,37.504875
중1동_신중동역점,경기도,부천시 원미구,"경기도 부천시 원미구 길주로 270 101호 (중동, 중동대우마이빌2차)",000-0000-0979,126.771984,37.5029769
중1동_먹자골목점,경기도,부천시 원미구,경기도 부천시 원미구 조마루로297번길 61 1필지 1층 105호 (중동),000-0000-0980,126.77586,37.5004256
중동_중동시장점,경기도,부천시 원미구,"경기도 부천시 원미구 부흥로 197 102,103호 (중동)",000-0000-0981,126.76462,37.496295
중동_복사골아파트사거리점,경기도,부천시 원미구,경기도 부천시 원미구 부흥로 224 1층 (중동),000-0000-0982,126.767122,37.4954711
원미동_원미사거리점,경기도,부천시 원미구,경기도 부천시 원미구 조종로 47 (원미동),000-0000-0983,126.790096,37.4928835
상1동_송내역점,경기도,부천시 원미구,경기도 부천시 원미구 상일로 96 108호 세원빌딩 (상동),000-0000-0984,126.752865,37.4912793
양평읍_양평시장점,경기도,양평군,경기도 양평군 양평읍 양평시장길 31 1층,000-0000-0985,127.490353,37.4909883
양평읍_양평점,경기도,양평군,경기도 양평군 양평읍 시민로 28 1층(양근리),000-0000-0986,127.494676,37.4899071
상동_상동시장입구점,경기도,부천시 원미구,경기도 부천시 원미구 부일로297번길 3 LG유플러스 (상동),000-0000-0987,126.762982,37.4885611
역곡동_역곡농협사거리점,경기도,부천시 원미구,경기도 부천시 원미구 지봉로 100 역곡동 청호빌딩 1층 U+ (역곡동),000-0000-0988,126.810339,37.4878273
송내동_송내역남광장점,경기도,부천시 소사구,경기도 부천시 소사구 송내대로 34 1층 (송내동),000-0000-0989,126.753717,37.4865238
역곡동_역곡상상시장점,경기도,부천시 원미구,경기도 부천시 원미구 부일로 747 1층 (역곡동),000-0000-0990,126.812694,37.4864165
중동_중동남부역점,경기도,부천시 소사구,경기도 부천시 소사구 중동로 71 1층(송내동),000-0000-0991,126.76412,37.4862479
심곡2동_부천역북부점,경기도,부천시 원미구,경기도 부천시 원미구 부천로 19 1층 엘지유플러스 (심곡동),000-0000-0992,126.782856,37.4861128
역곡2동_역곡북부사거리점,경기도,부천시 원미구,"경기도 부천시 원미구 역곡로 7 1층 (역곡동, 스카이빌딩)",000-0000-0993,126.811293,37.4860178
심곡2동_부천북부역점,경기도,부천시 원미구,경기도 부천시 원미구 부일로 484 LG유플러스 (심곡동),000-0000-0994,126.783819,37.4855109
역곡동_역곡우체국점,경기도,부천시 원미구,경기도 부천시 원미구 부일로 724 1층 (역곡동),000-0000-0995,126.810277,37.4852413
괴안동_역곡남부역점,경기도,부천시 소사구,"경기도 부천시 소사구 경인로498번길 9 1층 (괴안동, 서진빌딩)",000-0000-0996,126.811175,37.4835939
심곡본동_부천남부시장점,경기도,부천시 소사구,경기도 부천시 소사구 경인로 231 (심곡본동),000-0000-0997,126.781247,37.483542
심곡본1동_부천남부시장점,경기도,부천시 소사구,경기도 부천시 소사구 경인로 206 (심곡본동),000-0000-0998,126.778071,37.4832477
심곡본동_부천남부역점,경기도,부천시 소사구,경기도 부천시 소사구 경인로 236-1 1층 엘지유플러스 (심곡본동),000-0000-0999,126.781746,37.4828942
소사동_소사역점,경기도,부천시 소사구,"경기도 부천시 소사구 경인로348번길 15 1층 111호(소사본동,소사역한라비발디프레스티지)",000-0000-1000,126.794525,37.4819712
광명동_광명사거리역2번출구점,경기도,광명시,경기도 광명시 오리로 971-1 (광명) (광명동),000-0000-1001,126.855087,37.4789803
소사본동_소사종합시장점,경기도,부천시 소사구,경기도 부천시 소사구 소삼로 21 1층 엘지유플러스 (소사본동),000-0000-1002,126.795291,37.478774
광명동_광명사거리역3번출구점,경기도,광명시,경기도 광명시 광명로 894 1층 (광명동),000-0000-1003,126.854307,37.478682
광명_철산역1번2번사이점,경기도,광명시,경기도 광명시 철산로 16 트라이앵글빌딩 1층 엘지유플러스(철산동),000-0000-1004,126.868015,37.4756799
철산동_철산역점,경기도,광명시,"경기도 광명시 오리로 865 (철산동, 철산빌딩)",000-0000-1005,126.865913,37.4753351
위례동_위례중앙타워점,경기도,성남시 수정구,"경기도 성남시 수정구 위례광장로 300 1동 1층 111호(창곡동,창곡동 509번지)",000-0000-1006,127.142716,37.4734721
위례동_호반베르디움점,경기도,성남시 수정구,"경기도 성남시 수정구 위례동로 135 1층 108호(창곡동,신성위캐슬타워)",000-0000-1007,127.150052,37.4726252
범박동_범박점,경기도,부천시 소사구,"경기도 부천시 소사구 범안로 117 (범박동, 현대리치모아)",000-0000-1008,126.809556,37.4711755
옥길동_옥길점,경기도,부천시 소사구,"경기도 부천시 소사구 옥길로 116 1층 111호 112호 (옥길동, 문영 퀸즈파크 A)",000-0000-1009,126.822566,37.466781
하안동_하안사거리우덕빌딩점,경기도,광명시,"경기도 광명시 범안로 1047 1층 104호 (하안동, 하안상업지구우덕빌딩)",000-0000-1010,126.879025,37.4625191
하안동_국민은행맞은편점,경기도,광명시,"경기도 광명시 범안로 1035 1층(하안동,송화빌딩)",000-0000-1011,126.877873,37.4619322
은행동_은행시장점,경기도,성남시 중원구,경기도 성남시 중원구 산성대로 492 (은행동),000-0000-1012,127.162133,37.4550848
소하동_소하로사거리점,경기도,광명시,경기도 광명시 금하로 458 106호 (소하동),000-0000-1013,126.883297,37.4483866
금광동_E편한세상점,경기도,성남시 중원구,경기도 성남시 중원구 광명로 337 (금광동),000-0000-1014,127.163209,37.4459562
금광동_단대쇼핑점,경기도,성남시 중원구,경기도 성남시 중원구 산성대로372번길 11 .,000-0000-1015,127.15836,37.4451608
은행동_시흥맥도날드점,경기도,시흥시,경기도 시흥시 대은로 86 다이아몬드빌딩 101호 (은행동),000-0000-1016,126.797826,37.4444771
신흥동_신동아파라디움점,경기도,성남시 수정구,"경기도 성남시 수정구 공원로 322 101동 1층 110호(신흥동,신동아파라디움)",000-0000-1017,127.151892,37.4434843
신흥동_이마트점,경기도,성남시 수정구,경기도 성남시 수정구 수정로 188 (신흥동),000-0000-1018,127.140716,37.4433268
태평동_중파점,경기도,성남시 수정구,경기도 성남시 수정구 수정로 141-1 1층(태평동),000-0000-1019,127.135833,37.4423414
대야동_롯데마트점,경기도,시흥시,"경기도 시흥시 비둘기공원7길 45 트윈프라자 115,116호(대야동,트윈프라자)",000-0000-1020,126.792149,37.4420795
수진동_중파사거리점,경기도,성남시 수정구,경기도 성남시 수정구 수정로 144 (수진동),000-0000-1021,127.135888,37.4416746
태평동_태평우체국점,경기도,성남시 수정구,경기도 성남시 수정구 수정로 115 .,000-0000-1022,127.132972,37.4415787
신천동_로데오점,경기도,시흥시,경기도 시흥시 호현로10번길 15-4 1층(신천동),000-0000-1023,126.785167,37.4413732
수진동_중앙점,경기도,성남시 수정구,경기도 성남시 수정구 수정로 122 (수진동),000-0000-1024,127.133864,37.4412894
상대원동_금빛그랑메종점,경기도,성남시 중원구,경기도 성남시 중원구 금상로 72 1층 엘지유플러스 (상대원동),000-0000-1025,127.163651,37.4411712
수진동_중앙시장사거리점,경기도,성남시 수정구,"경기도 성남시 수정구 수정로 106 1층 108호 (수진동, 수진동SR프라자)",000-0000-1026,127.132078,37.4407508
신천동_삼미시장2호점,경기도,시흥시,경기도 시흥시 삼미시장2길 24 (신천동),000-0000-1027,126.782684,37.4405577
신천동_삼미시장3호점,경기도,시흥시,경기도 시흥시 삼미시장1길 17 시흥치과 1층 (신천동),000-0000-1028,126.784323,37.4403805
신흥동_신흥사거리점,경기도,성남시 수정구,경기도 성남시 수정구 산성대로 251 (신흥동),000-0000-1029,127.144971,37.4403664
신천동_삼미시장점,경기도,시흥시,경기도 시흥시 삼미시장4길 7-1 미소하나치과 LG유플러스 (신천동),000-0000-1030,126.783558,37.4392619
은행동_은계사거리점,경기도,시흥시,"경기도 시흥시 은계번영길 9 1층(은행동,골드웨이Ⅰ)",000-0000-1031,126.80163,37.4375638
상대원동_상대원시장점,경기도,성남시 중원구,경기도 성남시 중원구 금상로 5-1 1층(상대원동),000-0000-1032,127.158557,37.4370244
성남동_성일중고사거리점,경기도,성남시 중원구,경기도 성남시 중원구 원터로 114 (성남동),000-0000-1033,127.141981,37.4368741
은행동_은계자이점,경기도,시흥시,"경기도 시흥시 은계번영길 40 1층 LG유플러스 (은행동, 샤르망프라자)",000-0000-1034,126.802526,37.4365112
소하동_소하점,경기도,광명시,경기도 광명시 오리로 372 (소하동),000-0000-1035,126.879668,37.4355616
성남동_모란역점,경기도,성남시 중원구,경기도 성남시 중원구 성남대로 1144 1층 (성남동),000-0000-1036,127.129475,37.4317886
하대원동_아튼빌점,경기도,성남시 중원구,"경기도 성남시 중원구 둔촌대로 279 1층(하대원동,대아빌딩)",000-0000-1037,127.149074,37.4297114
중앙동_과천점,경기도,과천시,"경기도 과천시 중앙로 137 101호 102호(중앙동,가보자빌딩)",000-0000-1038,126.991689,37.4287942
야탑동_BYC점,경기도,성남시 분당구,"경기도 성남시 분당구 성남대로 912 1층 (야탑동, BYC빌딩)",000-0000-1039,127.129225,37.4109575
야탑동_NC점,경기도,성남시 분당구,"경기도 성남시 분당구 야탑로81번길 10 1층 (야탑동, 분당아미고타워)",000-0000-1040,127.128174,37.4106162
경안동_이마트점,경기도,광주시,경기도 광주시 경안로 3 .,000-0000-1041,127.260249,37.4099593
역동_광주농협점,경기도,광주시,경기도 광주시 중앙로 88 1층 (역동),000-0000-1042,127.259429,37.4078257
안양2동_박달점,경기도,안양시 만안구,경기도 안양시 만안구 안양로 407 (안양동),000-0000-1043,126.914197,37.4069399
관양1동_동편마을점,경기도,안양시 동안구,경기도 안양시 동안구 관악대로 387 1층 LG유플러스 (관양동),000-0000-1044,126.965816,37.4049214
박달1동_박달시장점,경기도,안양시 만안구,경기도 안양시 만안구 양화로 135 .,000-0000-1045,126.909061,37.4045663
관양1동_관양시장입구점,경기도,안양시 동안구,경기도 안양시 동안구 관악대로 341 1층(관양동),000-0000-1046,126.960655,37.4040638
관양1동_수촌농협점,경기도,안양시 동안구,경기도 안양시 동안구 관악대로 287 (관양동),000-0000-1047,126.954929,37.4029804
관양2동_인덕원점,경기도,안양시 동안구,경기도 안양시 동안구 흥안대로 520 1층 엘지유플러스 (관양동),000-0000-1048,126.977338,37.4003652
비산동_비산이마트점,경기도,안양시 동안구,경기도 안양시 동안구 관악대로 99 1층(비산동),000-0000-1049,126.934919,37.3991235
안양동_안양신한은행점,경기도,안양시 만안구,경기도 안양시 만안구 안양로292번길 8 (안양동),000-0000-1050,126.922395,37.3984311
안양동_중앙시장점,경기도,안양시 만안구,경기도 안양시 만안구 안양로 281 1층(안양동),000-0000-1051,126.922057,37.3973947
삼평동_판교역점,경기도,성남시 분당구,"경기도 성남시 분당구 대왕판교로606번길 39 1층 651 (삼평동, 럭스타워)",000-0000-1052,127.111481,37.396469
관양2동_평촌역점,경기도,안양시 동안구,"경기도 안양시 동안구 시민대로 311 134호 LG유플러스 (관양동, 금강스마트빌딩)",000-0000-1053,126.964928,37.3961452
안양동_덕천마을점,경기도,안양시 만안구,경기도 안양시 만안구 태평로52번길 31  101동 1층 104호(안양동),000-0000-1054,126.930992,37.3958956
안양5동_우리은행점,경기도,안양시 만안구,경기도 안양시 만안구 안양로 259 (안양동),000-0000-1055,126.923572,37.3957468
중대동_광남초교점,경기도,광주시,"경기도 광주시 고불로 44 1층 5호(중대동,위너스빌딩)",000-0000-1056,127.232988,37.3935724
운중동_주민센터점,경기도,성남시 분당구,"경기도 성남시 분당구 운중로 128 1층 101호 LG유플러스(운중동,마크시티그린)",000-0000-1057,127.077336,37.391306
비산동_범계역사거리점,경기도,안양시 동안구,"경기도 안양시 동안구 시민대로 167 1층 106호(비산동,안양벤처텔)",000-0000-1058,126.949539,37.3907965
일상의틈_호계동_범계역2번출구점,경기도,안양시 동안구,"경기도 안양시 동안구 평촌대로223번길 64 111호 외 4개호(호계동,제일빌딩)",000-0000-1059,126.952069,37.3904732
호계동_범계역점,경기도,안양시 동안구,"경기도 안양시 동안구 평촌대로223번길 49 (호계동, 아트타워빌딩)",000-0000-1060,126.952972,37.3902933
태전동_성원아파트점,경기도,광주시,경기도 광주시 태봉로 35 1층(태전동),000-0000-1061,127.230527,37.3900091
범계동_범계점,경기도,안양시 동안구,경기도 안양시 동안구 동안로 120 평촌스포츠센터 105호 (호계동),000-0000-1062,126.952216,37.3895272
월곶동_월곶점,경기도,시흥시,경기도 시흥시 월곶중앙로 64 월곶동 롯데리아 맞은편 (월곶동),000-0000-1063,126.738511,37.3891551
일상의틈_분당_고객감동분당점,경기도,성남시 분당구,경기도 성남시 분당구 서현로 190 (서현동),000-0000-1064,127.124025,37.387906
서현1동_서현역5번출구점,경기도,성남시 분당구,"경기도 성남시 분당구 서현로210번길 17 103호 (서현동, 광림프라자)",000-0000-1065,127.124586,37.3854997
서현1동_서현역6번출구점,경기도,성남시 분당구,경기도 성남시 분당구 분당로53번길 15 산호트윈스 1층 (서현동),000-0000-1066,127.121931,37.3843582
호계동_평촌학원가점,경기도,안양시 동안구,경기도 안양시 동안구 평촌대로 137-1 신풍빌딩 1층 (호계동),000-0000-1067,126.958893,37.3842948
태전동_서원프라자3차점,경기도,광주시,경기도 광주시 벼루개로 36 1층 114.115호(태전동),000-0000-1068,127.232433,37.3820495
목감동_목감신도시점,경기도,시흥시,경기도 시흥시 목감우회로 45 (목감동),000-0000-1069,126.860887,37.3820115
내손1동_내손점,경기도,의왕시,경기도 의왕시 계원대학로 2 롯데프라자 104호 (내손동),000-0000-1070,126.971665,37.3797396
장곡동_장곡역점,경기도,시흥시,"경기도 시흥시 장현장곡로 2 1층 4,5호 블럭메디프라자(장곡동,1층 4,블럭메디프라자)",000-0000-1071,126.789163,37.378787
장곡동_신협점,경기도,시흥시,경기도 시흥시 진말로9번길 2 (장곡동),000-0000-1072,126.785156,37.3785545
수내동_수내로데오점,경기도,성남시 분당구,"경기도 성남시 분당구 백현로101번길 17 1층 102호 LG유플러스(수내동,초림프라자)",000-0000-1073,127.11265,37.3776006
수내동_수내역다운타운점,경기도,성남시 분당구,"경기도 성남시 분당구 백현로 97 1층 106-2호 LG유플러스(수내동,수내동 다운타운)",000-0000-1074,127.111373,37.3768269
산본1동_금정역점,경기도,군포시,경기도 군포시 산본천로226번길 1 (산본동),000-0000-1075,126.942451,37.3718087
호계동_호계사거리점,경기도,안양시 동안구,경기도 안양시 동안구 경수대로 541 1층(호계동),000-0000-1076,126.957489,37.3710764
산본1동_산본시장점,경기도,군포시,경기도 군포시 금산로 94 산본시장 (산본동),000-0000-1077,126.937157,37.3703913
정왕동_배곧신도시점,경기도,시흥시,경기도 시흥시 배곧3로 96 M플러스 1층 124호 (정왕동),000-0000-1078,126.730055,37.3699173
정자동_정자역5번출구점,경기도,성남시 분당구,"경기도 성남시 분당구 정자일로 210 101동 1층 114호(정자동,동양정자파라곤)",000-0000-1079,127.106485,37.3689564
능곡동_능곡점,경기도,시흥시,경기도 시흥시 승지로60번길 32 성광프라자 101호 (능곡동),000-0000-1080,126.811522,37.3684363
정왕동_아브뉴프랑점,경기도,시흥시,경기도 시흥시 서울대학로278번길 34 옐로우동 101 102호 (정왕동),000-0000-1081,126.728921,37.3681848
광정동_산본점,경기도,군포시,경기도 군포시 산본로323번길 16-36 102호 (산본동),000-0000-1082,126.931443,37.3603237
광정동_광림프라자점,경기도,군포시,"경기도 군포시 산본로323번길 16-15 1층 103호 104(산본동,광림빌딩)",000-0000-1083,126.931556,37.3594137
오전동_나자로점,경기도,의왕시,경기도 의왕시 오전로 209 1층 엘지유플러스 (오전동),000-0000-1084,126.967237,37.3591771
정왕3동_시화병원점,경기도,시흥시,"경기도 시흥시 옥구상가2길 3 1층 (정왕동, 뉴스타프라자)",000-0000-1085,126.724402,37.3536228
당동_군포점,경기도,군포시,경기도 군포시 군포로534번길 24 (당동),000-0000-1086,126.947522,37.3534573
정왕본동_정왕역점,경기도,시흥시,"경기도 시흥시 마유로418번길 18 1층(정왕동,정왕프라자)",000-0000-1087,126.742876,37.3511508
군포2동_당동우체국사거리점,경기도,군포시,"경기도 군포시 군포로 494 1층 102호(당동,당동빌딩)",000-0000-1088,126.94486,37.3504286
금곡동_미금역7번출구점,경기도,성남시 분당구,경기도 성남시 분당구 돌마로 51 천사의도시 107호 (금곡동),000-0000-1089,127.107734,37.3503673
구미동_2001아울렛점,경기도,성남시 분당구,"경기도 성남시 분당구 돌마로 52 1층 LG유플러스(구미동,MD프라자)",000-0000-1090,127.107722,37.3496735
곤지암읍_곤지암터미널점,경기도,광주시,경기도 광주시 곤지암읍 곤지암로 43 .,000-0000-1091,127.341889,37.3494925
정왕동_정왕시장2호점,경기도,시흥시,경기도 시흥시 정왕천로411번길 38 1층(정왕동),000-0000-1092,126.748648,37.3464239
당동_당동점,경기도,군포시,경기도 군포시 고산로250번길 1 (당동),000-0000-1093,126.944525,37.3463468
정왕1동_정왕시장점,경기도,시흥시,"경기도 시흥시 정왕시장길 52 110호(정왕동,정왕시장)",000-0000-1094,126.748708,37.3453608
정왕1동_시화이마트점,경기도,시흥시,"경기도 시흥시 중심상가3길 10 1층 LG유플러스 (정왕동, 한솔프라자)",000-0000-1095,126.736847,37.3453259
정왕1동_시화로데오점,경기도,시흥시,"경기도 시흥시 중심상가3길 22 1층 (정왕동, 월드프라자)",000-0000-1096,126.735823,37.3443505
정왕동_정왕시장3호점,경기도,시흥시,경기도 시흥시 정왕천로 410-2 1층(정왕동),000-0000-1097,126.75203,37.3440433
거모동_거모점,경기도,시흥시,경기도 시흥시 군자로 520 1층 (거모동),000-0000-1098,126.784736,37.3439636
선부2동_석수GS25점,경기도,안산시 단원구,경기도 안산시 단원구 석수로5길 18 1층 102호(선부동),000-0000-1099,126.805628,37.34309
선부3동_롯데마트점,경기도,안산시 단원구,경기도 안산시 단원구 달미로 75 1층 (선부동),000-0000-1100,126.814883,37.3425012
와동_와동점,경기도,안산시 단원구,"경기도 안산시 단원구 와동공원로 121 101호 ,102호 (와동)",000-0000-1101,126.821113,37.3423848
거모동_도일시장점,경기도,시흥시,경기도 시흥시 도일로 129 (거모동),000-0000-1102,126.784144,37.3419532
선부동_선부역점,경기도,안산시 단원구,경기도 안산시 단원구 선부광장1로 38 (선부동),000-0000-1103,126.809368,37.3366268
선부3동_롯데리아점,경기도,안산시 단원구,"경기도 안산시 단원구 선부광장1로 62 LG유플러스 (선부동, 동원상가빌딩)",000-0000-1104,126.811265,37.3362604
선부3동_동명상가점,경기도,안산시 단원구,"경기도 안산시 단원구 선부광장1로 82 1층 LG유플러스 (선부동, 서림프라자)",000-0000-1105,126.812643,37.3355598
부곡동_부곡점,경기도,안산시 상록구,경기도 안산시 상록구 부곡로 120 (부곡동),000-0000-1106,126.863473,37.3326205
원곡동_행정복지센터점,경기도,안산시 단원구,경기도 안산시 단원구 원곡로 44 세브란스의원 (원곡동),000-0000-1107,126.79345,37.3308874
원곡동_새마을금고점,경기도,안산시 단원구,경기도 안산시 단원구 원본로 26 1층 LGU+ (원곡동),000-0000-1108,126.792561,37.3303632
월피동_월피주공점,경기도,안산시 상록구,경기도 안산시 상록구 충장로 572-1 102호 101 (월피동),000-0000-1109,126.850424,37.3292798
월피동_성포역점,경기도,안산시 상록구,경기도 안산시 상록구 예술광장로 23 제상가동 제1층 102호(월피동),000-0000-1110,126.846667,37.3290677
원곡동_보성상가점,경기도,안산시 단원구,"경기도 안산시 단원구 라성로 48 1층(원곡동,보성상가)",000-0000-1111,126.801391,37.3279186
죽전1동_죽전사거리점,경기도,용인시 수지구,경기도 용인시 수지구 대지로 28 .,000-0000-1112,127.113095,37.3274583
원곡동_라성호텔점,경기도,안산시 단원구,경기도 안산시 단원구 화랑로 123 하나상가 101호 ~102호 (원곡동),000-0000-1113,126.802713,37.3268847
신봉동_신봉자이점,경기도,용인시 수지구,"경기도 용인시 수지구 신봉2로 2 1층 116호 (신봉동, 센트럴500상가)",000-0000-1114,127.077922,37.3232514
풍덕천동_로얄스포츠센터점,경기도,용인시 수지구,"경기도 용인시 수지구 풍덕천로 119 1층 LG유플러스(풍덕천동,로얄스포츠센터)",000-0000-1115,127.094834,37.3230771
풍덕천1동_풍덕천사거리점,경기도,용인시 수지구,경기도 용인시 수지구 풍덕천로 128 풍덕천동 1층 LG유플러스(풍덕천동),000-0000-1116,127.095985,37.3230131
부곡동_의왕역점,경기도,의왕시,경기도 의왕시 부곡중앙로 5 1층(삼동),000-0000-1117,126.949497,37.3211474
보정동_주민센터점,경기도,용인시 기흥구,"경기도 용인시 기흥구 죽전로 39 1층 117호 LG유플러스(보정동,에스제이타워)",000-0000-1118,127.113018,37.3207367
성포동_성포점,경기도,안산시 상록구,경기도 안산시 상록구 화랑로 501 경기도 안산시 성포동 583-5 예술프라자 1층 106호 엘지유플러스 성포직영점 (성포동),000-0000-1119,126.843683,37.3206843
중앙동_중심상가점,경기도,안산시 단원구,"경기도 안산시 단원구 고잔로 95 2동 1층 113,4호(고잔동)",000-0000-1120,126.833927,37.3193824
고잔2동_안산점,경기도,안산시 단원구,"경기도 안산시 단원구 고잔1길 17 1층(고잔동,대유빌딩)",000-0000-1121,126.835723,37.318628
고잔2동_안산롯데백화점점,경기도,안산시 단원구,"경기도 안산시 단원구 고잔1길 16 (고잔동, 중앙마케이트)",000-0000-1122,126.835171,37.3180056
고잔2동_중앙역점,경기도,안산시 단원구,경기도 안산시 단원구 중앙대로 907 (고잔동),000-0000-1123,126.837463,37.3172159
일상의틈_고잔동_안산점,경기도,안산시 단원구,경기도 안산시 단원구 중앙대로 929 108호 외 2개호(고잔동),000-0000-1124,126.839957,37.3170841
일동_일동GS25점,경기도,안산시 상록구,경기도 안산시 상록구 도매시장로 119 (일동),000-0000-1125,126.864981,37.3158091
성복동_성복역5번출구점,경기도,용인시 수지구,경기도 용인시 수지구 성복2로 52 1층(성복동),000-0000-1126,127.079988,37.3137893
성복동_데이파크점,경기도,용인시 수지구,"경기도 용인시 수지구 수지로 119 C동 108호(성복동,데이파크)",000-0000-1127,127.078769,37.3129431
고잔동_법조타운점,경기도,안산시 단원구,경기도 안산시 단원구 광덕서로 86 (고잔동),000-0000-1128,126.827863,37.3122916
고잔동_월드타운사거리점,경기도,안산시 단원구,"경기도 안산시 단원구 광덕대로 174 C동 152호 ,153호(고잔동,월드타운)",000-0000-1129,126.831011,37.3119357
이동_이동파리바게뜨점,경기도,안산시 상록구,경기도 안산시 상록구 도매시장로 37 (이동),000-0000-1130,126.859182,37.3102069
고잔동_고잔신한은행점,경기도,안산시 단원구,경기도 안산시 단원구 광덕동로 61 (고잔동),000-0000-1131,126.832335,37.3099283
일동_안산대학교점,경기도,안산시 상록구,"경기도 안산시 상록구 안산대학로 105 107호 LG유플러스 (일동, 금신빌딩)",000-0000-1132,126.869211,37.309723
고잔동_고잔신도시점,경기도,안산시 단원구,"경기도 안산시 단원구 광덕대로 145 109호 (고잔동, 강희그랜드오피스텔)",000-0000-1133,126.828975,37.309509
초지동_초지농협점,경기도,안산시 단원구,경기도 안산시 단원구 광덕1로 62 아트프라자 106호 (초지동),000-0000-1134,126.816299,37.3081383
이동_한대앞점,경기도,안산시 상록구,경기도 안산시 상록구 광덕1로 370 107호 엘지유플러스(코로스프라자) (이동),000-0000-1135,126.850964,37.3075928
상현1동_아이파크점,경기도,용인시 수지구,경기도 용인시 수지구 만현로 102-1 (상현동 255-1번지 엘지유플러) (상현동),000-0000-1136,127.084437,37.3073168
파장동_파장시장점,경기도,수원시 장안구,경기도 수원시 장안구 파장로82번길 3 (파장동),000-0000-1137,126.991829,37.306814
파장동_파장사거리점,경기도,수원시 장안구,"경기도 수원시 장안구 파장로68번길 2 LG유플러스(파장동,T world)",000-0000-1138,126.99343,37.3060032
건건동_반월초교점,경기도,안산시 상록구,경기도 안산시 상록구 건건로 38 1층 LG유플러스(건건동),000-0000-1139,126.901919,37.3045741
송죽동_경기일보점,경기도,수원시 장안구,"경기도 수원시 장안구 경수대로 971 LG유플러스 (송죽동, 봉주빌딩)",000-0000-1140,127.004518,37.3041112
본오3동_상록수역점,경기도,안산시 상록구,경기도 안산시 상록구 상록수로 50 (본오동),000-0000-1141,126.865637,37.3021863
조원동_북수원홈플러스점,경기도,수원시 장안구,경기도 수원시 장안구 송원로 81 2차동 1층 104호 (메가플러스) (조원동),000-0000-1142,127.009199,37.3021288
본오3동_상록수로데오점,경기도,안산시 상록구,"경기도 안산시 상록구 용신로 387 102호 (본오동, 서일빌딩)",000-0000-1143,126.865119,37.3018974
송죽동_종합운동장점,경기도,수원시 장안구,경기도 수원시 장안구 경수대로 921 대학동물병원 1층 (송죽동),000-0000-1144,127.008838,37.301444
본오3동_상록수다이소점,경기도,안산시 상록구,경기도 안산시 상록구 용신로 390 (본오동),000-0000-1145,126.865481,37.3013662
본오3동_주민센터점,경기도,안산시 상록구,"경기도 안산시 상록구 본삼로 39 (본오동,인제빌딩)",000-0000-1146,126.864196,37.3011034
율전동_성균관대점,경기도,수원시 장안구,경기도 수원시 장안구 덕영대로 449 (율전동),000-0000-1147,126.972441,37.30081
율전동_율전점,경기도,수원시 장안구,경기도 수원시 장안구 서부로 2129-1 (율전동),000-0000-1148,126.971257,37.2987193
본오3동_상록롯데마트점,경기도,안산시 상록구,경기도 안산시 상록구 샘골로 147 롯데마트_상록점 사거리 위치,000-0000-1149,126.862726,37.296984
본오3동_신안프라자점,경기도,안산시 상록구,경기도 안산시 상록구 반석로 63 (본오동),000-0000-1150,126.866876,37.2968266
홍문동_여주시청점,경기도,여주시,"경기도 여주시 세종로 11 1층 엘지유플러스(홍문동,여주빌딩)",000-0000-1151,127.637276,37.2966184
천천동_천천롯데마트점,경기도,수원시 장안구,"경기도 수원시 장안구 만석로19번길 25-6 103호 (천천동, 광장타워)",000-0000-1152,126.98283,37.2965231
정자3동_정자점,경기도,수원시 장안구,경기도 수원시 장안구 대평로 80 1층(정자동),000-0000-1153,126.993601,37.2955422
사동_사리역점,경기도,안산시 상록구,경기도 안산시 상록구 석호로 197 1층 102호(사동),000-0000-1154,126.853198,37.2954677
본오2동_본오도서관점,경기도,안산시 상록구,경기도 안산시 상록구 각골로 58 1층(본오동),000-0000-1155,126.872858,37.2945266
본오1동_본오중학교점,경기도,안산시 상록구,경기도 안산시 상록구 석호로 320 1층 엘지유플러스(본오동 862-8) (본오동),000-0000-1156,126.866026,37.2932666
영화동_동성아울렛점,경기도,수원시 장안구,경기도 수원시 장안구 정조로 957 혜화장여관 1층 (영화동),000-0000-1157,127.011104,37.2925236
영화동_북문점,경기도,수원시 장안구,"경기도 수원시 장안구 정조로922번길 2 1동 1층(영화동,보신약국)",000-0000-1158,127.013585,37.2900275
영화동_정자시장점,경기도,수원시 장안구,경기도 수원시 장안구 수성로262번길 3 (영화동),000-0000-1159,127.001597,37.289875
증포동_증포사거리점,경기도,이천시,경기도 이천시 증신로 131 (증포동),000-0000-1160,127.453604,37.2879749
화서동_율현초등학교점,경기도,수원시 팔달구,경기도 수원시 팔달구 일월로22번길 17 (화서동),000-0000-1161,126.980735,37.2859537
새솔동_송산그린시티점,경기도,화성시 만세구,경기도 화성시 만세구 수노을중앙로 146 (호평프라자 107호) (새솔동),000-0000-1162,126.818828,37.2839856
사동_초당마트점,경기도,안산시 상록구,경기도 안산시 상록구 장화2길 6 1층(사동),000-0000-1163,126.848023,37.2834774
창전동_이천성당점,경기도,이천시,경기도 이천시 중리천로33번길 4 (창전동),000-0000-1164,127.441878,37.2806487
창전동_분수대오거리점,경기도,이천시,경기도 이천시 영창로 214 (창전동),000-0000-1165,127.446287,37.2806323
창전동_로데오점,경기도,이천시,경기도 이천시 서희로 58 엘지유플러스 1층 (창전동),000-0000-1166,127.442994,37.2805455
구갈동_기흥구청점,경기도,용인시 기흥구,경기도 용인시 기흥구 구갈로 70 구갈메가타운 LG유플러스,000-0000-1167,127.111808,37.2805338
화서1동_화서사거리점,경기도,수원시 팔달구,경기도 수원시 팔달구 팔달로 115 1층(화서동),000-0000-1168,127.003514,37.2789544
화서동_화서오거리점,경기도,수원시 팔달구,경기도 수원시 팔달구 동말로 50 1동 1층 101호 엘지유플러스(화서동),000-0000-1169,126.99959,37.2786391
팔달로2가_팔달문점,경기도,수원시 팔달구,"경기도 수원시 팔달구 정조로 785 (팔달로2가, 신한은행)",000-0000-1170,127.016492,37.2780975
중리동_이천터미널점,경기도,이천시,경기도 이천시 이섭대천로 1207 1층(중리동),000-0000-1171,127.446497,37.2780275
중동_동백점,경기도,용인시 기흥구,"경기도 용인시 기흥구 동백중앙로 283 LG유플러스 (중동, 골드프라자)",000-0000-1172,127.153569,37.2776763
팔달로_영동시장입구점,경기도,수원시 팔달구,"경기도 수원시 팔달구 수원천로255번길 6 1층 1호 미나리광시장입구 맞은편 (영동, 영동아파트)",000-0000-1173,127.018589,37.2771421
팔달로3가_팔달로3점,경기도,수원시 팔달구,경기도 수원시 팔달구 정조로 767-3 남문 메가박스 옆 (팔달로3가),000-0000-1174,127.016458,37.2764486
영덕동_이씨티점,경기도,용인시 기흥구,"경기도 용인시 기흥구 흥덕2로87번길 18 A동 1층 101,102호(영덕동,이씨티빌딩)",000-0000-1175,127.071549,37.275753
구운동_서수원점,경기도,수원시 권선구,경기도 수원시 권선구 구운중로4번길 10 (구운동),000-0000-1176,126.973995,37.2754372
우만동_아주대점,경기도,수원시 팔달구,경기도 수원시 팔달구 중부대로 245 용신빌딩 1층 유플러스 (우만동),000-0000-1177,127.042842,37.2753701
인계동_못골시장점,경기도,수원시 팔달구,경기도 수원시 팔달구 중부대로 36 1층 엘지유플러스 (인계동),000-0000-1178,127.020663,37.2751055
금곡동_롯데시네마점,경기도,수원시 권선구,"경기도 수원시 권선구 금곡로 205 103호(금곡동,해피라움)",000-0000-1179,126.953125,37.2743764
매탄동_아주대삼거리점,경기도,수원시 영통구,경기도 수원시 영통구 중부대로 260 1동 1층 가호(매탄동),000-0000-1180,127.044194,37.2743064
매탄동_매탄시장점,경기도,수원시 영통구,경기도 수원시 영통구 중부대로246번길 30-1 (매탄동),000-0000-1181,127.041905,37.2736674
탑동_탑동초교점,경기도,수원시 권선구,경기도 수원시 권선구 탑동로 50 1층 LG유플러스 (탑동),000-0000-1182,126.974289,37.2733019
금곡동_칠보마을점,경기도,수원시 권선구,경기도 수원시 권선구 금곡로102번길 30 1층(금곡동),000-0000-1183,126.941119,37.272776
원천동_광교점,경기도,수원시 영통구,경기도 수원시 영통구 광교호수공원로 20 1층 B2-18호(원천동),000-0000-1184,127.060913,37.2720376
구갈동_강남대점,경기도,용인시 기흥구,경기도 용인시 기흥구 강남로 13 칼리지포인트 (구갈동),000-0000-1185,127.126971,37.2718327
신갈동_신갈오거리하나은행점,경기도,용인시 기흥구,경기도 용인시 기흥구 신갈로 52 (신갈)동 1층 104호 LG유플러스(신갈동),000-0000-1186,127.105864,37.2711775
매교동_매교역사거리점,경기도,수원시 팔달구,경기도 수원시 팔달구 인계로 20 1층(매교동),000-0000-1187,127.018294,37.2693752
매탄동_산남점,경기도,수원시 영통구,경기도 수원시 영통구 산남로 65 1층 (매탄동),000-0000-1188,127.04914,37.2688262
매산동_매산사거리점,경기도,수원시 팔달구,경기도 수원시 팔달구 매산로 36 (매산로2가),000-0000-1189,127.005092,37.2678176
매산로1가_수원역로데오점,경기도,수원시 팔달구,경기도 수원시 팔달구 향교로 3 수원역 로데오거리 스킨푸드 옆 (매산로1가),000-0000-1190,127.00154,37.2675834
교동_수원역점,경기도,수원시 팔달구,경기도 수원시 팔달구 매산로 13 (매산로1가),000-0000-1191,127.00304,37.2674752
매산로1가_수원로터리점,경기도,수원시 팔달구,경기도 수원시 팔달구 덕영대로 915-1 (매산로1가),000-0000-1192,127.001642,37.2670337
인계동_인계점,경기도,수원시 팔달구,"경기도 수원시 팔달구 권광로 204 103호(인계동,영조 아름다운나날)",000-0000-1193,127.033806,37.2656237
매산로1가_AK프라자점,경기도,수원시 팔달구,경기도 수원시 팔달구 덕영대로 933 1층 엘지유플러스 (매산로1가),000-0000-1194,127.001698,37.2653218
영통동_매탄점,경기도,수원시 영통구,경기도 수원시 영통구 매탄로 151 (매탄동),000-0000-1195,127.044008,37.2642148
인계동_인계캐슬점,경기도,수원시 팔달구,"경기도 수원시 팔달구 권광로 184 1층 (인계동, 캐슬타워)",000-0000-1196,127.033343,37.2638398
인계동_수원시청점,경기도,수원시 팔달구,"경기도 수원시 팔달구 효원로 269 에스팝타워 1층 115호(인계동,에스팝타워)",000-0000-1197,127.031189,37.2622455
일상의틈_권선동_수원시청점,경기도,수원시 권선구,경기도 수원시 권선구 권광로 149 1층 (권선동),000-0000-1198,127.031132,37.2610651
세류동_삼익현대아파트점,경기도,수원시 권선구,"경기도 수원시 권선구 세지로 93 1층 (세류동, 웅희빌딩)",000-0000-1199,127.018269,37.2602838
매탄3동_영통구청점,경기도,수원시 영통구,"경기도 수원시 영통구 효원로 393 116호 (매탄동, 밀래니엄프라자)",000-0000-1200,127.044535,37.2591238
호매실동_호매실엔루체점,경기도,수원시 권선구,경기도 수원시 권선구 호매실로104번길 24-43 중앙파크뷰동 1층 101호 엔루체아파트 앞 상가(호매실동),000-0000-1201,126.962571,37.2581522
세류3동_제로마트사거리점,경기도,수원시 권선구,"경기도 수원시 권선구 세권로 118 신곡초등학교 후문, 제로마트 사거리",000-0000-1202,127.017119,37.2572024
권선동_권선시장점,경기도,수원시 권선구,경기도 수원시 권선구 세권로 197 1층(권선동),000-0000-1203,127.025776,37.2554709
영통1동_영통우체국점,경기도,수원시 영통구,경기도 수원시 영통구 봉영로 1612 (영통동),000-0000-1204,127.074764,37.2544235
보라동_민속촌입구점,경기도,용인시 기흥구,경기도 용인시 기흥구 한보라1로 14 (보라동),000-0000-1205,127.109593,37.2535679
영통동_영통역점,경기도,수원시 영통구,경기도 수원시 영통구 봉영로 1590 (영통동),000-0000-1206,127.073432,37.2527484
영통2동_영통역점,경기도,수원시 영통구,"경기도 수원시 영통구 봉영로 1569 1층 108호(영통동,NEWWORLDPLAZA)",000-0000-1207,127.070997,37.2520561
세류동_터미널점,경기도,수원시 권선구,경기도 수원시 권선구 경수대로277번길 7 1층(세류동),000-0000-1208,127.018876,37.251895
권선동_권선이마트점,경기도,수원시 권선구,경기도 수원시 권선구 덕영대로1201번길 36 (권선동),000-0000-1209,127.023069,37.25075
권선동_롯데마트점,경기도,수원시 권선구,"경기도 수원시 권선구 동수원로242번길 22 (권선동,센타프라자)",000-0000-1210,127.035716,37.250702
영통2동_망포역점,경기도,수원시 영통구,경기도 수원시 영통구 덕영대로1555번길 13 세일빌딜 1층 LG유플러스 (영통동),000-0000-1211,127.060758,37.2467725
곡반정동_곡반점,경기도,수원시 권선구,"경기도 수원시 권선구 곡반정로 160 1층(곡반정동,라퍼스트)",000-0000-1212,127.03419,37.241692
망포동_망포역점,경기도,수원시 영통구,경기도 수원시 영통구 태장로 88 LG유플러스 (망포동),000-0000-1213,127.055883,37.2390079
망포동_신영통점,경기도,수원시 영통구,"경기도 수원시 영통구 영통로 124 1층 6호 (망포동, 중앙프라자)",000-0000-1214,127.056582,37.2388905
곡선로_곡반정동점,경기도,수원시 권선구,경기도 수원시 권선구 곡선로50번길 5-3 1층(곡반정동),000-0000-1215,127.029918,37.2385485
김량장동_용인사거리점,경기도,용인시 처인구,경기도 용인시 처인구 백옥대로 1117 1층 LG유플러스(김량장동),000-0000-1216,127.208511,37.2353793
김량장동_용인중앙시장점,경기도,용인시 처인구,경기도 용인시 처인구 금령로 96 (김량장동),000-0000-1217,127.206832,37.2352922
김량장동_용인CGV점,경기도,용인시 처인구,경기도 용인시 처인구 금령로 86 1층 LG유플러스(김량장동),000-0000-1218,127.205986,37.2350413
역북동_이마트점,경기도,용인시 처인구,경기도 용인시 처인구 명지로60번길 8-12 107호 108호(역북동),000-0000-1219,127.187891,37.2318455
봉담읍_봉담2지구점,경기도,화성시 효행구,경기도 화성시 효행구 봉담읍 상리2길 51 1층 110호,000-0000-1220,126.947106,37.2245373
봉담읍_CGV점,경기도,화성시 효행구,경기도 화성시 효행구 봉담읍 동화길 51 107호,000-0000-1221,126.955448,37.2189814
봉담읍_동화마을점,경기도,화성시 효행구,경기도 화성시 효행구 봉담읍 동화길 93-2 (봉담읍),000-0000-1222,126.959043,37.2162796
병점동_병점진안점,경기도,화성시 병점구,"경기도 화성시 병점구 효행로 1060 1층 (병점동, 이타운4)",000-0000-1223,127.043135,37.2143426
반송동_동탄은행사거리점,경기도,화성시 동탄구,"경기도 화성시 동탄구 동탄지성로 125 1층 107호 (반송동, 토마토프라자)",000-0000-1224,127.061539,37.2088383
반송동_동탄센트럴점,경기도,화성시 동탄구,"경기도 화성시 동탄구 동탄지성로 108 (반송동, 동탄삼성프라자)",000-0000-1225,127.063646,37.2085038
영천동_동탄2신도시점,경기도,화성시 동탄구,"경기도 화성시 동탄구 동탄순환대로 693 108호 (영천동, 대성메디컬프라자)",000-0000-1226,127.110495,37.2065327
병점동_태안점,경기도,화성시 병점구,경기도 화성시 병점구 병점2로 38 1층 (병점동),000-0000-1227,127.040934,37.2064412
반송동_동탄북광장점,경기도,화성시 동탄구,"경기도 화성시 동탄구 동탄중심상가2길 2 1층 (반송동, 아인슈타워)",000-0000-1228,127.072103,37.2057328
병점동_홈플러스점,경기도,화성시 병점구,경기도 화성시 병점구 떡전골로 60 효성해링턴프라자 1층 LG유플러스 (병점동),000-0000-1229,127.036213,37.2046856
남양읍_화성시청점,경기도,화성시 만세구,경기도 화성시 만세구 남양읍 시청로 119 1층 106호 (메인프라자),000-0000-1230,126.826418,37.2005519
청계동_동탄점,경기도,화성시 동탄구,"경기도 화성시 동탄구 동탄대로시범길 142 101호 (청계동, 센텀프라자)",000-0000-1231,127.113403,37.1999343
오산동_동탄역점,경기도,화성시 동탄구,"경기도 화성시 동탄구 동탄역로 150 상가(프런트캐슬) 106호 ,107호 (오산동, 동탄역롯데캐슬)",000-0000-1232,127.097069,37.1991647
반송동_나루마을점,경기도,화성시 동탄구,"경기도 화성시 동탄구 동탄솔빛로 58 1층 (반송동, 동우프라자)",000-0000-1233,127.074029,37.1937297
목동_동탄목동점,경기도,화성시 동탄구,경기도 화성시 동탄구 동탄신리천로 414 1층 108호 109호(목동),000-0000-1234,127.123917,37.1820111
금암동_세교점,경기도,오산시,경기도 오산시 수청로 199 정원프라자 1층 (금암동),000-0000-1235,127.044792,37.1764439
수청동_오산대역점,경기도,오산시,"경기도 오산시 오산대역로 214 G플레이스동 1층 109호(수청동,G플레이스 오산)",000-0000-1236,127.065416,37.17083
동탄7동_동탄2신도시점,경기도,화성시 동탄구,경기도 화성시 동탄구 동탄순환대로 127-27 (산척동),000-0000-1237,127.107321,37.1679887
산척동_동탄호수공원점,경기도,화성시 동탄구,"경기도 화성시 동탄구 동탄순환대로 127-5 1층 117호 118호 (산척동, 우성센트럴타워)",000-0000-1238,127.107262,37.1660785
궐동_궐동2호점,경기도,오산시,경기도 오산시 궐리사로 81 FAMILYMART LG유플러스 (궐동),000-0000-1239,127.061195,37.1585689
오산동_오산점,경기도,오산시,경기도 오산시 성호대로 67 (오산동),000-0000-1240,127.068764,37.1491308
오산동_롯데마트점,경기도,오산시,"경기도 오산시 성호대로 89 LG유플러스 (오산동, 오산세명프라자)",000-0000-1241,127.071398,37.1491293
원동_오산시청점,경기도,오산시,경기도 오산시 성호대로 130 1층 엘지유플러스 (원동),000-0000-1242,127.075607,37.14846
원동_오산원점,경기도,오산시,경기도 오산시 대원로 18 (원동),000-0000-1243,127.070359,37.1462465
원동_오산로데오점,경기도,오산시,경기도 오산시 원동로37번길 41 LG유플러스 (원동),000-0000-1244,127.069999,37.145589
원동_원동이마트점,경기도,오산시,경기도 오산시 밀머리로 8 (원동),000-0000-1245,127.073653,37.1412798
향남읍_발안점,경기도,화성시 만세구,경기도 화성시 만세구 향남읍 3.1만세로 1106 엘지유플러스,000-0000-1246,126.908403,37.1322998
향남읍_홈플러스점,경기도,화성시 만세구,경기도 화성시 만세구 향남읍 향남로 392 1층 108호 (우성메디피아),000-0000-1247,126.921505,37.1300117
향남읍_행정중앙점,경기도,화성시 만세구,경기도 화성시 만세구 향남읍 행정중앙2로 33 LG유플러스 (성지프라자),000-0000-1248,126.919321,37.1299832
향남읍_오투그란데점,경기도,화성시 만세구,경기도 화성시 만세구 향남읍 행정중앙2로 67 LG유플러스 111호,000-0000-1249,126.922653,37.1299133
향남읍_롯데시네마점,경기도,화성시 만세구,경기도 화성시 만세구 향남읍 상신하길로298번길 7-21 LG유플러스,000-0000-1250,126.912361,37.1151828
지산동_송탄우체국점,경기도,평택시,경기도 평택시 탄현로327번길 95-8 101호 (신장동),000-0000-1251,127.055861,37.0823059
지산동_송탄시장점,경기도,평택시,경기도 평택시 탄현로 322 (지산동),000-0000-1252,127.05613,37.0808821
지산동_송탄터미널점,경기도,평택시,경기도 평택시 송탄로 406 엘지유플러스,000-0000-1253,127.058075,37.0797368
서정동_롯데시네마점,경기도,평택시,경기도 평택시 관광특구로 13 (서정동),000-0000-1254,127.060539,37.0672379
서정동_송탄출장소점,경기도,평택시,경기도 평택시 관광특구로 37 (서정동),000-0000-1255,127.063013,37.0670293
이충동_이충점,경기도,평택시,"경기도 평택시 이충로35번길 20-9 1층 101호 LG유플러스 (이충동, 이충센터프라자)",000-0000-1256,127.066436,37.0603146
서정동_서정리역점,경기도,평택시,경기도 평택시 정암로 4 (서정동),000-0000-1257,127.05419,37.0568786
이충동_장당점,경기도,평택시,경기도 평택시 송탄로 66 이충프라자 107.108 (이충동),000-0000-1258,127.056513,37.0512548
청북면_청북점,경기도,평택시,경기도 평택시 청북읍 안청로 336 빌딩1층 (골드테라스),000-0000-1259,126.915756,37.0179872
대천동_대천점,경기도,안성시,경기도 안성시 안성맞춤대로 1061-1 (대천동),000-0000-1260,127.269554,37.0082449
석정동_터미널점,경기도,안성시,경기도 안성시 중앙로 366 크리스탈빌딩 1층 (석정동),000-0000-1261,127.267384,37.0077812
비전동_소사벌점,경기도,평택시,"경기도 평택시 평남로 937 1층 108호 (비전동, 폴리프라자)",000-0000-1262,127.104442,37.0043852
공도읍_스위첸아파트점,경기도,안성시,경기도 안성시 공도읍 공도로 132 .,000-0000-1263,127.175182,37.0015634
비전동_비전점,경기도,평택시,경기도 평택시 평남로 862 (비전동),000-0000-1264,127.111492,37.0004591
비전동_뉴코아점,경기도,평택시,경기도 평택시 평남로 709 LG유플러스 (비전동),000-0000-1265,127.112831,36.9944387
평택동_평택우체국점,경기도,평택시,경기도 평택시 평택2로 37 평택동 33-1 정은타워 1층 (평택동),000-0000-1266,127.089937,36.9941246
공도읍_진사리점,경기도,안성시,경기도 안성시 공도읍 진사길 18 (공도읍),000-0000-1267,127.138126,36.9924119
평택동_평택중앙점,경기도,평택시,경기도 평택시 평택2로20번길 20 (평택동),000-0000-1268,127.08926,36.9921968
평택동_평택역오거리점,경기도,평택시,경기도 평택시 중앙2로 1 (평택동),000-0000-1269,127.087216,36.991991
평택동_터미널삼거리점,경기도,평택시,경기도 평택시 평택로32번길 1 (평택동),000-0000-1270,127.087956,36.9908371
안중읍_안중점,경기도,평택시,경기도 평택시 안중읍 안중로 130 .,000-0000-1271,126.930785,36.988622
포승읍_포승점,경기도,평택시,경기도 평택시 포승읍 여술로 17 .,000-0000-1272,126.844563,36.988152
안중읍_현화점,경기도,평택시,경기도 평택시 안중읍 안현로서6길 58 .,000-0000-1273,126.923083,36.9847606
안중읍_터미널점,경기도,평택시,경기도 평택시 안중읍 안현로서8길 21 .,000-0000-1274,126.922999,36.9789485
장락동_롯데슈퍼점,충청북도,제천시,충청북도 제천시 청전대로 223 1층 105호 LGU (장락동),000-0000-1275,128.222221,37.1520705
중앙2가_국민은행점,충청북도,제천시,충청북도 제천시 의림대로 152 (중앙로2가),000-0000-1276,128.212546,37.1410965
하소동_사거리점,충청북도,제천시,충청북도 제천시 용두대로15길 23 (하소동),000-0000-1277,128.198783,37.1397317
중앙2가_위성병원점,충청북도,제천시,충청북도 제천시 풍양로13길 14 LG유플러스 (중앙로2가),000-0000-1278,128.211548,37.1384758
중앙1가_내토시장점,충청북도,제천시,충청북도 제천시 용두천로 117 (중앙로1가),000-0000-1279,128.213005,37.1381005
중앙동_농협사거리점,충청북도,제천시,충청북도 제천시 의림대로 112 1층(중앙로1가),000-0000-1280,128.210646,37.1376651
남천동_중앙시장점,충청북도,제천시,충청북도 제천시 용두천로 102 LG유플러스동 1층(남천동),000-0000-1281,128.212573,37.1364651
금왕읍_금왕농협점,충청북도,음성군,충청북도 음성군 금왕읍 무극로 291 .,000-0000-1282,127.593887,36.9932917
연수동_구연수점,충청북도,충주시,충청북도 충주시 번영대로 113 1층 (연수동),000-0000-1283,127.930316,36.9874954
연수동_연수초점,충청북도,충주시,충청북도 충주시 갱고개로 184 LG유플러스 알파대리점 (연수동),000-0000-1284,127.939414,36.9874419
단양읍_단양신협점,충청북도,단양군,충청북도 단양군 단양읍 삼봉로 297 .,000-0000-1285,128.368737,36.9833448
교현동_법원사거리점,충청북도,충주시,"충청북도 충주시 계명대로 119 1층 101호(교현동,케이타워)",000-0000-1286,127.927696,36.9825871
연수동_신연수점,충청북도,충주시,충청북도 충주시 계명대로 228 1층 LGU+ (연수동),000-0000-1287,127.939923,36.9822478
연수동_유원아파트점,충청북도,충주시,충청북도 충주시 계명대로 244 1층(연수동),000-0000-1288,127.941697,36.9822157
칠금동_충주터미널점,충청북도,충주시,충청북도 충주시 봉계1길 50 LG유플러스동 1층(칠금동),000-0000-1289,127.915479,36.9809248
충의동_충주농협점,충청북도,충주시,충청북도 충주시 충인3길 1 (충의동),000-0000-1290,127.931363,36.9728812
용산동_충주여고점,충청북도,충주시,충청북도 충주시 형설로 92 (용산동),000-0000-1291,127.939986,36.9617755
호암동_풍경채점,충청북도,충주시,충청북도 충주시 호암수청2로 29 1층 LGU+ 동 1층(호암동),000-0000-1292,127.925115,36.9567381
음성읍_문화사거리점,충청북도,음성군,충청북도 음성군 음성읍 수정로 59 .,000-0000-1293,127.692774,36.9350437
덕산읍_진천혁신도시점,충청북도,진천군,충청북도 진천군 덕산읍 대하로 151 1층 지플레이스2(두촌리),000-0000-1294,127.535514,36.9042182
덕산면_혁신도시점,충청북도,진천군,충청북도 진천군 덕산면 공원로 4 .,000-0000-1295,127.533534,36.9033621
진천읍_진천농협점,충청북도,진천군,충청북도 진천군 진천읍 중앙북로 63-1 .,000-0000-1296,127.444008,36.8586749
증평읍_증평우체국점,충청북도,증평군,충청북도 증평군 증평읍 중앙로 206 .,000-0000-1297,127.581574,36.7840765
오창읍_2산단점,충청북도,청주시 청원구,충청북도 청주시 청원구 오창읍 2산단로 140 1층 102호 엘지유플러스(주성리),000-0000-1298,127.451452,36.7337545
오창읍_홈플러스점,충청북도,청주시 청원구,충청북도 청주시 청원구 오창읍 중심상업로 31-4 .,000-0000-1299,127.429085,36.7138774
오창읍_오창프라자점,충청북도,청주시 청원구,충청북도 청주시 청원구 오창읍 중심상업로 7 1층 106호 (오창프라자),000-0000-1300,127.428646,36.7113919
오창읍_터미널점,충청북도,청주시 청원구,충청북도 청주시 청원구 오창읍 오창대로 315 오창동훈 올리브 1층 101-1호,000-0000-1301,127.427571,36.7113687
오창읍_각리점,충청북도,청주시 청원구,충청북도 청주시 청원구 오창읍 오창중앙로 123-2 1층 LG유플러스,000-0000-1302,127.416649,36.7094969
주성동_대원칸타빌점,충청북도,청주시 청원구,충청북도 청주시 청원구 율량로 100 (주성동),000-0000-1303,127.496957,36.6720819
주중동_국민은행점,충청북도,청주시 청원구,충청북도 청주시 청원구 주성로 263 (주중동),000-0000-1304,127.495472,36.6708895
율량동_청주여고점,충청북도,청주시 청원구,충청북도 청주시 청원구 율봉로 185 (율량동),000-0000-1305,127.489521,36.6690037
율량동_롯데슈퍼점,충청북도,청주시 청원구,"충청북도 청주시 청원구 율봉로168번길 7-1 102 103호 (율량동, 현대프라자)",000-0000-1306,127.487716,36.6683983
송절동_테크노폴리스점,충청북도,청주시 흥덕구,충청북도 청주시 흥덕구 송화로 178 (송절동),000-0000-1307,127.452373,36.6672308
율량동_신한은행점,충청북도,청주시 청원구,충청북도 청주시 청원구 율봉로 101 (율량동),000-0000-1308,127.480358,36.6670314
우암동_청대점,충청북도,청주시 청원구,충청북도 청주시 청원구 직지대로 887 (우암동),000-0000-1309,127.487923,36.6515375
우암동_사거리점,충청북도,청주시 청원구,충청북도 청주시 청원구 향군로 52 () (우암동),000-0000-1310,127.485813,36.6503296
운천동_농협점,충청북도,청주시 흥덕구,충청북도 청주시 흥덕구 사운로 259 상가동 1층 116호(운천동),000-0000-1311,127.473075,36.6502997
봉명동_아이파크점,충청북도,청주시 흥덕구,충청북도 청주시 흥덕구 백봉로223번길 7 (봉명동),000-0000-1312,127.460032,36.6497649
복대동_지웰시티몰점,충청북도,청주시 흥덕구,"충청북도 청주시 흥덕구 대농로 43 121호 신영지웰시티1차아파트 (복대동, 상가)",000-0000-1313,127.424639,36.6440566
봉명동_봉정사거리점,충청북도,청주시 흥덕구,충청북도 청주시 흥덕구 직지대로 563 (봉명동),000-0000-1314,127.455589,36.6435551
일상의틈_복대동_지웰시티점,충청북도,청주시 흥덕구,충청북도 청주시 흥덕구 대농로 47 (복대동),000-0000-1315,127.427604,36.6423249
비하동_자이아파트점,충청북도,청주시 흥덕구,충청북도 청주시 흥덕구 2순환로 1084 1층 엘지유플러스(비하동),000-0000-1316,127.422504,36.6379816
복대동_두진백로점,충청북도,청주시 흥덕구,충청북도 청주시 흥덕구 증안로 40 (복대동),000-0000-1317,127.427673,36.6365214
복대동_롯데리아점,충청북도,청주시 흥덕구,충청북도 청주시 흥덕구 진재로 54 1층 (복대동),000-0000-1318,127.42967,36.6357933
사창동_국민은행점,충청북도,청주시 서원구,충청북도 청주시 서원구 사직대로 111 (사창동),000-0000-1319,127.459744,36.6351047
사창동_두진하트리움점,충청북도,청주시 서원구,충청북도 청주시 서원구 사직대로 160 하트리움에덴 120동 1층 1호 (사창동),000-0000-1320,127.465031,36.6348049
사창동_사창사거리점,충청북도,청주시 서원구,충청북도 청주시 서원구 1순환로 661 (사창동),000-0000-1321,127.460535,36.6346871
복대동_복대사거리점,충청북도,청주시 흥덕구,"충청북도 청주시 흥덕구 복대로 179 1층 101호 (복대동, 메디포스빌딩)",000-0000-1322,127.440451,36.6322577
오송읍_만수리점,충청북도,청주시 흥덕구,충청북도 청주시 흥덕구 오송읍 오송생명5로 179 .,000-0000-1323,127.330303,36.6305311
금천동_금천광장점,충청북도,청주시 상당구,충청북도 청주시 상당구 중고개로 322 드림메디칼 1층 102호 (금천동),000-0000-1324,127.504996,36.6302452
복대동_복대시장점,충청북도,청주시 흥덕구,충청북도 청주시 흥덕구 복대로 146 (복대동),000-0000-1325,127.441185,36.6294615
금천동_국민은행점,충청북도,청주시 상당구,"충청북도 청주시 상당구 수영로 277 1층 (금천동, 태평양빌딩)",000-0000-1326,127.505348,36.6294237
가경동_롯데마트점,충청북도,청주시 흥덕구,충청북도 청주시 흥덕구 풍년로 166 1층 (가경동),000-0000-1327,127.432596,36.6270779
가경동_터미널점,충청북도,청주시 흥덕구,"충청북도 청주시 흥덕구 풍산로 18 1층 (가경동, 터미널타워)",000-0000-1328,127.432857,36.6257883
강서동_터미널점,충청북도,청주시 흥덕구,충청북도 청주시 흥덕구 2순환로 1240 청주엠케이메디컬센터 1층 106호 (강서동),000-0000-1329,127.430038,36.6254651
가경동_하나병원점,충청북도,청주시 흥덕구,충청북도 청주시 흥덕구 서현북로 78 (가경동),000-0000-1330,127.43087,36.6222721
용암동_롯데마트점,충청북도,청주시 상당구,"충청북도 청주시 상당구 중고개로 181 (용암동,대상코스모빌딩)",000-0000-1331,127.514736,36.6204715
용암동_시티프라디움점,충청북도,청주시 상당구,"충청북도 청주시 상당구 중고개로142번길 17 상가동 1층 220호(용암동,시티프라디움2단지)",000-0000-1332,127.518059,36.6191955
오송읍_오송신도시점,충청북도,청주시 흥덕구,충청북도 청주시 흥덕구 오송읍 오송생명8로 175 1층 105호 106(봉산리),000-0000-1333,127.318091,36.6189216
가경동_아이파크점,충청북도,청주시 흥덕구,충청북도 청주시 흥덕구 서현로 60 1층 128호 (가경동),000-0000-1334,127.428585,36.6174863
수곡2동_수곡시장점,충청북도,청주시 서원구,충청북도 청주시 서원구 수곡로 56 (수곡동),000-0000-1335,127.472727,36.6169955
가경동_삼거리점,충청북도,청주시 흥덕구,충청북도 청주시 흥덕구 가경로 9-1 (가경동),000-0000-1336,127.443604,36.6165394
용암동_동남신협점,충청북도,청주시 상당구,충청북도 청주시 상당구 중고개로 119 1층(용암동),000-0000-1337,127.51966,36.616305
가경동_홈플러스점,충청북도,청주시 흥덕구,충청북도 청주시 흥덕구 가경로 9-19 (가경동),000-0000-1338,127.44301,36.6162352
분평동_우체국점,충청북도,청주시 서원구,"충청북도 청주시 서원구 월평로 69 101호 (분평동, 청암빌딩)",000-0000-1339,127.492656,36.6114452
산남동_우리은행점,충청북도,청주시 서원구,충청북도 청주시 서원구 산남로 54 (산남동),000-0000-1340,127.468166,36.6114355
분평동_롯데리아점,충청북도,청주시 서원구,충청북도 청주시 서원구 월평로 4 (분평동),000-0000-1341,127.485533,36.6109246
용암동_동남파라곤점,충청북도,청주시 상당구,"충청북도 청주시 상당구 동남로 187 403동및근린생활시설1 1층 109호(용암동,청주동남파밀리에NHF4단지)",000-0000-1342,127.523094,36.609874
용암동_농협사거리점,충청북도,청주시 상당구,충청북도 청주시 상당구 월평로 192 (용암동),000-0000-1343,127.505285,36.609437
분평동_주민센터점,충청북도,청주시 서원구,충청북도 청주시 서원구 분평로 32 (분평동),000-0000-1344,127.488858,36.6082257
분평동_남부신협점,충청북도,청주시 서원구,충청북도 청주시 서원구 1순환로1107번길 33 (분평동),000-0000-1345,127.489247,36.6079358
보은읍_보은시장점,충청북도,보은군,충청북도 보은군 보은읍 삼산로 25 1층(삼산리),000-0000-1346,127.719242,36.4839309
옥천읍_중앙로점,충청북도,옥천군,충청북도 옥천군 옥천읍 중앙로 50 1층 LG유플러스 (상점),000-0000-1347,127.569395,36.3014973
영동읍_계산로점,충청북도,영동군,충청북도 영동군 영동읍 계산로 17-1 .,000-0000-1348,127.779288,36.174531
둔포면_테크노밸리점,충청남도,아산시,"충청남도 아산시 둔포면 아산밸리중앙로 58-5 214동 b1층 B109,110호(석곡리,아산테크노밸리이지더원2단지아파트)",000-0000-1349,127.055343,36.9227255
성환읍_성환역점,충청남도,천안시 서북구,충청남도 천안시 서북구 성환읍 성환1로 244 1층,000-0000-1350,127.128283,36.9163624
읍내동_가원예식장점,충청남도,당진시,충청남도 당진시 당진중앙2로 211-5 (읍내동),000-0000-1351,126.634972,36.8969422
읍내동_당진우체국점,충청남도,당진시,충청남도 당진시 당진중앙2로 170 .,000-0000-1352,126.633577,36.8955502
읍내동_남산소공원점,충청남도,당진시,충청남도 당진시 당진중앙2로 123 (읍내동),000-0000-1353,126.631248,36.8946599
읍내동_회전교차로점,충청남도,당진시,충청남도 당진시 당진중앙2로 106 새마을금고 옆 LG U (읍내동),000-0000-1354,126.630859,36.8938748
읍내동_문예의전당점,충청남도,당진시,충청남도 당진시 무수동로 132 1층 당진문예의전당 사거리 (읍내동),000-0000-1355,126.637333,36.8913537
성성동_성성호수점,충청남도,천안시 서북구,"충청남도 천안시 서북구 성성8로 14-12 1층 105,106호(성성동)",000-0000-1356,127.129749,36.8403715
두정동_한성필하우스점,충청남도,천안시 서북구,"충청남도 천안시 서북구 봉정로 370 1층 109호 (두정동, 태조프라자)",000-0000-1357,127.145804,36.8348834
두정동_디지털월드점,충청남도,천안시 서북구,충청남도 천안시 서북구 두정로 228 (두정동),000-0000-1358,127.142135,36.8331396
두정동_두정역점,충청남도,천안시 서북구,"충청남도 천안시 서북구 봉정로 347 1동 1층(두정동,천안시노동복지회관)",000-0000-1359,127.144925,36.8327488
두정동_우체국사거리점,충청남도,천안시 서북구,"충청남도 천안시 서북구 오성로 51 (두정동, 경대빌딩)",000-0000-1360,127.132961,36.830591
성정동_극동아파트점,충청남도,천안시 서북구,"충청남도 천안시 서북구 서부대로 688 108호 (성정동, 현대프라자)",000-0000-1361,127.13354,36.8284097
성정동_여성회관사거리점,충청남도,천안시 서북구,충청남도 천안시 서북구 동서대로 125-3 1층 (성정동),000-0000-1362,127.137033,36.8262161
성정동_롯데마트점,충청남도,천안시 서북구,"충청남도 천안시 서북구 동서대로 163 (성정동, 충남타워)",000-0000-1363,127.141292,36.8258687
신부동_태조아파트점,충청남도,천안시 동남구,충청남도 천안시 동남구 터미널9길 28 (신부동),000-0000-1364,127.155555,36.8227963
성정동_쌍용대로점,충청남도,천안시 서북구,충청남도 천안시 서북구 쌍용대로 288 1층 (성정동),000-0000-1365,127.137005,36.8227829
불당동_파크힐점,충청남도,천안시 서북구,"충청남도 천안시 서북구 불당23로 73-27 1층(불당동) 105, 106호",000-0000-1366,127.109675,36.820405
신부동_신세계점,충청남도,천안시 동남구,충청남도 천안시 동남구 만남로 42 1층(신부동),000-0000-1367,127.15688,36.8186135
신부동_터미널점,충청남도,천안시 동남구,"충청남도 천안시 동남구 충절로 6 1층(신부동,동아빌딩)",000-0000-1368,127.157934,36.8184679
신부동_문화거리점,충청남도,천안시 동남구,충청남도 천안시 동남구 충절로 16 1층 (신부동),000-0000-1369,127.157954,36.8176299
불당동_더샵사거리점,충청남도,천안시 서북구,"충청남도 천안시 서북구 불당26로 77 상가 144호 (불당동, 천안불당지웰더샾)",000-0000-1370,127.105007,36.8160027
성정동_성정로점,충청남도,천안시 서북구,충청남도 천안시 서북구 쌍용대로 188 1층(성정동) LG U+,000-0000-1371,127.134827,36.8140627
성정동_주공5단지점,충청남도,천안시 서북구,"충청남도 천안시 서북구 성정로 61 엘지유플러스(성정동,태양태권도)",000-0000-1372,127.136989,36.8139881
일상의틈_불당동_지웰시티점,충청남도,천안시 서북구,충청남도 천안시 서북구 불당26로 50 (불당동),000-0000-1373,127.105707,36.811812
불당1동_아이파크점,충청남도,천안시 서북구,"충청남도 천안시 서북구 검은들1길 7 1층(불당동,포인트프라자빌딩)",000-0000-1374,127.109448,36.810439
대흥동_천안역점,충청남도,천안시 동남구,충청남도 천안시 동남구 대흥로 227-2 (대흥동),000-0000-1375,127.147603,36.8085149
쌍용동_광혜당약국점,충청남도,천안시 서북구,충청남도 천안시 서북구 봉명로 35 (쌍용동),000-0000-1376,127.132418,36.8078207
불당동_물총새공원점,충청남도,천안시 서북구,충청남도 천안시 서북구 불당34길 25-6 1동 104호 (불당동),000-0000-1377,127.105612,36.8075859
쌍용동_순천향길점,충청남도,천안시 동남구,충청남도 천안시 동남구 순천향6길 2 1층 (쌍용동),000-0000-1378,127.132274,36.8024503
사직동_중앙시장점,충청남도,천안시 동남구,충청남도 천안시 동남구 사직로 3 (사직동),000-0000-1379,127.149392,36.8004748
원성동_홈플러스점,충청남도,천안시 동남구,"충청남도 천안시 동남구 충무로 505 1층 (원성동, 한성빌딩)",000-0000-1380,127.161558,36.7990173
쌍용동_롯데마트점,충청남도,천안시 서북구,"충청남도 천안시 서북구 월봉로 93 1층 (쌍용동, 토평빌딩)",000-0000-1381,127.117858,36.7989329
쌍용동_이마트점,충청남도,천안시 서북구,충청남도 천안시 서북구 차돌들길 7-13 (쌍용동),000-0000-1382,127.128578,36.796507
쌍용동_이마트사거리점,충청남도,천안시 서북구,충청남도 천안시 서북구 충무로 175 (쌍용동),000-0000-1383,127.126368,36.7948603
청수동_청수로점,충청남도,천안시 동남구,충청남도 천안시 동남구 청수6로 109 1층 103호 (청수동),000-0000-1384,127.154704,36.7893214
신방동_서부대로점,충청남도,천안시 동남구,충청남도 천안시 동남구 수곡2길 8-3 1층 (신방동),000-0000-1385,127.128419,36.7889919
탕정면_탕정역점,충청남도,아산시,충청남도 아산시 탕정면 한들물빛5로 17 1층 트윈시티2 엘지유플러스(매곡리),000-0000-1386,127.085228,36.7872099
모종동_아산터미널점,충청남도,아산시,충청남도 아산시 번영로 220 (모종동),000-0000-1387,127.014927,36.7840398
동문동_동문사거리점,충청남도,서산시,충청남도 서산시 고운로 219 1층 (동문동),000-0000-1388,126.459596,36.7837709
모종동_터미널사거리점,충청남도,아산시,충청남도 아산시 문화로 329 1층(모종동),000-0000-1389,127.017694,36.7836069
동문동_광장점,충청남도,서산시,충청남도 서산시 고운로 153 (동문동),000-0000-1390,126.452406,36.7835577
온천동_유엘시티점,충청남도,아산시,충청남도 아산시 충무로 22 충청남도 아산시 온천동  1층 (온천동),000-0000-1391,127.005248,36.7830673
동문동_동부시장점,충청남도,서산시,충청남도 서산시 시장1로 15 1층(동문동),000-0000-1392,126.45482,36.7828119
청당동_행정타운점,충청남도,천안시 동남구,충청남도 천안시 동남구 청수11로 18 1층 (청당동),000-0000-1393,127.154466,36.7825904
온천동_온천시장점,충청남도,아산시,충청남도 아산시 온궁로 25 (온천동),000-0000-1394,127.003175,36.7823014
온천동_온천대로점,충청남도,아산시,충청남도 아산시 온천대로 1479 (온천동),000-0000-1395,127.0022,36.781941
동문동_터미널점,충청남도,서산시,충청남도 서산시 안견로 185 (동문동),000-0000-1396,126.459521,36.7817611
온천동_온천역삼거리점,충청남도,아산시,충청남도 아산시 충무로 6 .,000-0000-1397,127.004486,36.7817156
온천동_온양온천역점,충청남도,아산시,충청남도 아산시 온천대로 1491-2 1층 (온천동),000-0000-1398,127.003657,36.7816165
동문동_주민센터점,충청남도,서산시,충청남도 서산시 안견로 195 (동문동),000-0000-1399,126.459571,36.7810044
청당동_청당초등학교점,충청남도,천안시 동남구,충청남도 천안시 동남구 청당5로 36 1층 105호 (청당동),000-0000-1400,127.152692,36.7803039
동문동_중앙로점,충청남도,서산시,충청남도 서산시 중앙로 76 외 1필지(동문동),000-0000-1401,126.458342,36.7789803
배방읍_모산점,충청남도,아산시,충청남도 아산시 배방읍 모산로 123 .,000-0000-1402,127.056259,36.7747014
배방읍_주민센터점,충청남도,아산시,충청남도 아산시 배방읍 모산로 103 수미가빌딩 1층 엘지유플러스(공수리),000-0000-1403,127.054085,36.7743239
예천동_호수점,충청남도,서산시,충청남도 서산시 호수공원9로 14 (예천동),000-0000-1404,126.448843,36.7726559
배방읍_중앙하이츠점,충청남도,아산시,"충청남도 아산시 배방읍 배방로 53 1층(공수리,황금프라자)",000-0000-1405,127.055249,36.7721067
태안읍_구터미널점,충청남도,태안군,충청남도 태안군 태안읍 환동로 83 .,000-0000-1406,126.294627,36.7545387
예산읍_추사거리점,충청남도,예산군,충청남도 예산군 예산읍 예산로202번길 6 .,000-0000-1407,126.846915,36.6793566
홍북읍_내포신도시점,충청남도,홍성군,충청남도 홍성군 홍북읍 청사로 36 105호 (승우빌딩),000-0000-1408,126.674692,36.6480911
홍성읍_명동거리점,충청남도,홍성군,충청남도 홍성군 홍성읍 아문길29번길 85 .,000-0000-1409,126.665927,36.6009737
신관동_신관점,충청남도,공주시,충청남도 공주시 공주대학로 94-3 1동 1층 좌측 1호 (신관동),000-0000-1410,127.138023,36.4733597
중동_교차로점,충청남도,공주시,충청남도 공주시 웅진로 180 (중동),000-0000-1411,127.124885,36.45627
청양읍_시내버스터미널점,충청남도,청양군,"충청남도 청양군 청양읍 중앙로3길 1 1층 102,103호",000-0000-1412,126.802488,36.449031
대천동_명문당사거리점,충청남도,보령시,충청남도 보령시 중앙로 65 (대천동),000-0000-1413,126.596868,36.3500954
대천동_중앙로점,충청남도,보령시,충청남도 보령시 중앙로 56 (대천동),000-0000-1414,126.597803,36.3500805
대천동_문화의전당점,충청남도,보령시,충청남도 보령시 대흥로 57 (대천동),000-0000-1415,126.592413,36.3498369
엄사면_엄사네거리점,충청남도,계룡시,충청남도 계룡시 엄사면 번영로 34 .,000-0000-1416,127.241502,36.2888083
부여읍_시장입구점,충청남도,부여군,충청남도 부여군 부여읍 사비로 86 (LG유플러스) (우영플라자),000-0000-1417,126.910804,36.2803636
화지동_시장입구점,충청남도,논산시,충청남도 논산시 중앙로480번길 11 (화지동),000-0000-1418,127.084727,36.2064622
취암동_터미널본점,충청남도,논산시,충청남도 논산시 계백로 1000 (취암동),000-0000-1419,127.088259,36.2030892
취암동_오거리점,충청남도,논산시,충청남도 논산시 중앙로 434 104호 103 (취암동),000-0000-1420,127.087169,36.2023601
금산읍_중부시장점,충청남도,금산군,충청남도 금산군 금산읍 비범로 18-1,000-0000-1421,127.491345,36.1042663
서천읍_서천로오거리점,충청남도,서천군,충청남도 서천군 서천읍 서천로 135 1층 1호(사곡리),000-0000-1422,126.686439,36.0800165
서천읍_터미널점,충청남도,서천군,충청남도 서천군 서천읍 서천로 39 .,000-0000-1423,126.695071,36.0758212
영주동_문화의거리1점,경상북도,영주시,경상북도 영주시 번영로 153 . (영주동),000-0000-1424,128.624862,36.8247512
점촌동_중앙시장네거리점,경상북도,문경시,경상북도 문경시 상신로 2 (점촌동),000-0000-1425,128.198972,36.5950233
옥동_테마프라자점,경상북도,안동시,경상북도 안동시 경북대로 412 (옥동),000-0000-1426,128.699972,36.5658691
삼산동_문화광장길점,경상북도,안동시,경상북도 안동시 문화광장길 46 (삼산동),000-0000-1427,128.731353,36.5650754
무양동_상주터미널점,경상북도,상주시,경상북도 상주시 삼백로 86 1층 (무양동),000-0000-1428,128.153013,36.4181943
서성동_서문사거리점,경상북도,상주시,경상북도 상주시 중앙로 191 (서성동),000-0000-1429,128.159546,36.4158964
산동읍_신당로점,경상북도,구미시,경상북도 구미시 산동읍 신당1로3길 17-3 1층(신당리),000-0000-1430,128.43112,36.1553377
봉곡동_테마공원점,경상북도,구미시,경상북도 구미시 봉곡남로 108 테마공원 엘지유플러스 (봉곡동),000-0000-1431,128.313832,36.1497601
봉곡동_봉곡남로점,경상북도,구미시,경상북도 구미시 봉곡남로 74 (봉곡동),000-0000-1432,128.3101,36.1485393
옥계동_옥계북로입구점,경상북도,구미시,경상북도 구미시 옥계북로 5 (옥계동),000-0000-1433,128.418178,36.1388478
옥계동_현진에버빌점,경상북도,구미시,경상북도 구미시 산호대로31길 18 (옥계동),000-0000-1434,128.422537,36.1378229
신음동_시청로점,경상북도,김천시,경상북도 김천시 신음새동네길 1 460-10번지 (신음동),000-0000-1435,128.117796,36.1346985
원평동_구미중앙로점,경상북도,구미시,경상북도 구미시 구미중앙로13길 12 (원평동),000-0000-1436,128.332646,36.1295653
원평동_구미역점,경상북도,구미시,경상북도 구미시 구미중앙로 77 (원평동),000-0000-1437,128.331338,36.1290662
평화동_김천역점,경상북도,김천시,경상북도 김천시 김천로 106-1 평화동 260-4 (평화동),000-0000-1438,128.113472,36.1235193
송정동_송정대로점,경상북도,구미시,경상북도 구미시 송정대로 64 (송정동),000-0000-1439,128.345784,36.1176948
형곡동_형곡점,경상북도,구미시,경상북도 구미시 신시로 49 (형곡동),000-0000-1440,128.338831,36.1124109
형곡동_형곡중앙로점,경상북도,구미시,경상북도 구미시 형곡중앙로 24 1층(형곡동),000-0000-1441,128.334553,36.1109897
황상동_인동점,경상북도,구미시,경상북도 구미시 인동가산로 17 (황상동),000-0000-1442,128.418957,36.1073984
인의동_인동대로점,경상북도,구미시,"경상북도 구미시 인동북길 83 1층 인의구획정리지구 (인의동, 동산빌딩)",000-0000-1443,128.426146,36.0996175
인의동_인동가산로점,경상북도,구미시,경상북도 구미시 인동북길 127 (인의동),000-0000-1444,128.429437,36.0968118
진평동_구평점,경상북도,구미시,경상북도 구미시 인동36길 12-1 (진평동),000-0000-1445,128.432166,36.0935893
양덕동_포항법원사거리점,경상북도,포항시 북구,경상북도 포항시 북구 장량중앙로 52 LGU+동 1층(양덕동),000-0000-1446,129.387465,36.0899396
상모동_상모프라자점,경상북도,구미시,경상북도 구미시 상사서로 55 (상모동),000-0000-1447,128.355039,36.0874296
석적읍_부영아파트점,경상북도,칠곡군,"경상북도 칠곡군 석적읍 유학로 34 1층(중리,새마을금고 중리지점)",000-0000-1448,128.41315,36.0782433
북삼읍_인평리점,경상북도,칠곡군,경상북도 칠곡군 북삼읍 금오대로 287 1층,000-0000-1449,128.348096,36.0709178
두호동_두호사거리점,경상북도,포항시 북구,경상북도 포항시 북구 두호로 32 (두호동),000-0000-1450,129.374986,36.0603291
대흥동_포항시네마점,경상북도,포항시 북구,경상북도 포항시 북구 중앙상가길 16 1층(대흥동),000-0000-1451,129.36296,36.0366457
대잠동_이동사거리점,경상북도,포항시 남구,경상북도 포항시 남구 대이로 115 (대잠동),000-0000-1452,129.340845,36.0255468
왜관읍_왜관역점,경상북도,칠곡군,경상북도 칠곡군 왜관읍 중앙로6길 2 .,000-0000-1453,128.398964,35.9923147
오천읍_서문사거리점,경상북도,포항시 남구,경상북도 포항시 남구 오천읍 충무로 31 .,000-0000-1454,129.41325,35.9764318
오천읍_문덕점,경상북도,포항시 남구,경상북도 포항시 남구 오천읍 원동로 51-1 .,000-0000-1455,129.402323,35.9677223
오천읍_포은중학교점,경상북도,포항시 남구,경상북도 포항시 남구 오천읍 원동로 32 1층(원리),000-0000-1456,129.40324,35.9658029
완산동_영천공설시장점,경상북도,영천시,경상북도 영천시 시장로 61 (완산동),000-0000-1457,128.937022,35.9636182
하양읍_가톨릭대점,경상북도,경산시,경상북도 경산시 하양읍 하양로 58 .,000-0000-1458,128.815534,35.9104058
황성동_농협사거리점,경상북도,경주시,경상북도 경주시 황성로 15 (황성동),000-0000-1459,129.213586,35.8648865
동부동_제일문고점,경상북도,경주시,경상북도 경주시 화랑로 108 (동부동),000-0000-1460,129.212561,35.8443437
황오동_경주우체국점,경상북도,경주시,경상북도 경주시 화랑로 134 (황오동),000-0000-1461,129.215436,35.8442547
노동동_대왕시네마점,경상북도,경주시,경상북도 경주시 원효로 106 (노동동),000-0000-1462,129.212471,35.8418855
대동_영남대3점,경상북도,경산시,경상북도 경산시 대학로 329 (조영동),000-0000-1463,128.756946,35.8394853
중방동_대구은행점,경상북도,경산시,경상북도 경산시 중앙로 89 1층 (중방동),000-0000-1464,128.73653,35.82385
중방동_다이소점,경상북도,경산시,경상북도 경산시 중앙로 73 (중방동),000-0000-1465,128.735045,35.8232497
중방동_경산시장점,경상북도,경산시,경상북도 경산시 중앙로 82 (중방동),000-0000-1466,128.735818,35.8231664
사동_사동점,경상북도,경산시,경상북도 경산시 백자로 60 LG유플러스 (사동),000-0000-1467,128.75462,35.8112691
합천읍_시외버스터미널점,경상남도,합천군,경상남도 합천군 합천읍 대야로 883 1동 1층 1호(합천리),000-0000-1468,128.162804,35.5673217
밀양시_밀양점,경상남도,밀양시,경상남도 밀양시 중앙로 278-2 1층(삼문동),000-0000-1469,128.755212,35.4878039
삼호동_삼호점,경상남도,양산시,경상남도 양산시 서창로 171 (삼호동),000-0000-1470,129.171087,35.4149543
덕계동_덕계시장점,경상남도,양산시,경상남도 양산시 덕계로 76 엘리트 (덕계동),000-0000-1471,129.151641,35.3745091
북부동_남부시장점,경상남도,양산시,경상남도 양산시 북안남1길 2 (북부동),000-0000-1472,129.035319,35.3439749
중부동_양산역6길점,경상남도,양산시,경상남도 양산시 양산역6길 22 (중부동),000-0000-1473,129.028138,35.3369766
중부동_양산역1길점,경상남도,양산시,"경상남도 양산시 양산역1길 14 (중부동, 에이스프라자)",000-0000-1474,129.027589,35.3361387
물금읍_범어리점,경상남도,양산시,"경상남도 양산시 물금읍 범어로 76 (범어리,네오코아)",000-0000-1475,129.015321,35.3279001
물금읍_증산점,경상남도,양산시,"경상남도 양산시 물금읍 청운로 185 1층 115호(가촌리,오즈시티)",000-0000-1476,129.00293,35.3172832
진영읍_진영리점,경상남도,김해시,경상남도 김해시 진영읍 장등로19번길 41 .,000-0000-1477,128.730286,35.3083418
진영_진영소방서점,경상남도,김해시,경상남도 김해시 진영읍 장등로 9 대흥빌딩동 1층 1호,000-0000-1478,128.734803,35.3072317
소답동_소답시장점,경상남도,창원시 의창구,경상남도 창원시 의창구 읍성로 58 (소답동),000-0000-1479,128.624227,35.2648774
삼계동_부산은행점,경상남도,김해시,"경상남도 김해시 삼계중앙로 35 107호 (삼계동, 서주빌딩)",000-0000-1480,128.868925,35.2607974
삼계동_파크프라자점,경상남도,김해시,경상남도 김해시 삼계중앙로 23 파크프라자 1층 (삼계동),000-0000-1481,128.867541,35.2607918
도계동_도계점,경상남도,창원시 의창구,경상남도 창원시 의창구 도계로 67 (도계동),000-0000-1482,128.638509,35.2587279
팔용동_창원팔용점,경상남도,창원시 의창구,경상남도 창원시 의창구 의창대로 56 (팔용동),000-0000-1483,128.607125,35.2563097
팔용동_팔용주민센터점,경상남도,창원시 의창구,"경상남도 창원시 의창구 팔용로 438 104호 (팔용동, 팔용종합상가)",000-0000-1484,128.613277,35.2551555
삼방동_삼방점,경상남도,김해시,경상남도 김해시 활천로267번길 24 (삼방동),000-0000-1485,128.908651,35.2451551
어방동_인제로점,경상남도,김해시,경상남도 김해시 인제로 184 (어방동),000-0000-1486,128.904209,35.2449637
어방동_인제대점,경상남도,김해시,경상남도 김해시 인제로 173 (어방동),000-0000-1487,128.903684,35.2441338
합성동_315대로점,경상남도,창원시 마산회원구,"경상남도 창원시 마산회원구 3·15대로 772 1층 엘지유플러스(합성동,경남고시학원)",000-0000-1488,128.584465,35.2402601
합성동_시외버스터미널점,경상남도,창원시 마산회원구,경상남도 창원시 마산회원구 3·15대로 742-1 (합성동),000-0000-1489,128.582733,35.2381739
반림동_반송시장점,경상남도,창원시 성산구,"경상남도 창원시 성산구 원이대로473번길 20-3 반송시장 1층 엘지유플러스 (반림동, 신협상가)",000-0000-1490,128.670553,35.2353993
외동_내외시장점,경상남도,김해시,경상남도 김해시 내외로 80 옥정프라자 106호 (외동),000-0000-1491,128.865872,35.234449
외동_전통시장점,경상남도,김해시,경상남도 김해시 함박로101번길 16 1층(외동),000-0000-1492,128.865709,35.2335864
서상동_외국인거리점,경상남도,김해시,경상남도 김해시 분성로 322 상가동 1층 1호 코너매장(서상동),000-0000-1493,128.881354,35.2332992
내외동_함박로점,경상남도,김해시,경상남도 김해시 함박로101번길 6 (외동),000-0000-1494,128.865523,35.232643
활천로_삼정동점,경상남도,김해시,경상남도 김해시 활천로36번길 33 1층(삼정동),000-0000-1495,128.896462,35.232604
외동_오로라빌딩점,경상남도,김해시,"경상남도 김해시 내외중앙로 27 104호 (외동, 오로라빌딩)",000-0000-1496,128.865913,35.2324027
내서읍_내서삼계로점,경상남도,창원시 마산회원구,"경상남도 창원시 마산회원구 내서읍 삼계로 9 1층 101호 일부(삼계리,남해횟집)",000-0000-1497,128.503766,35.2317989
중앙동_창원중앙점,경상남도,창원시 성산구,경상남도 창원시 성산구 용지로121번길 22 (중앙동),000-0000-1498,128.678015,35.2280684
부원동_애플센터점,경상남도,김해시,경상남도 김해시 김해대로 2352 D106 (부원동),000-0000-1499,128.884225,35.225883
상남동_원이대로점,경상남도,창원시 성산구,"경상남도 창원시 성산구 원이대로 656 103호 (상남동, 대한상가)",000-0000-1500,128.685152,35.2242563
양덕동_메트로센텀점,경상남도,창원시 마산회원구,경상남도 창원시 마산회원구 용마로 130 메트로센텀빌딩 106호 LG유플러스 (양덕동),000-0000-1501,128.585929,35.2234601
상남동_마디미로점,경상남도,창원시 성산구,"경상남도 창원시 성산구 마디미로 10 1층 (상남동, 두바빌딩)",000-0000-1502,128.685044,35.2233115
상남동_상남점,경상남도,창원시 성산구,"경상남도 창원시 성산구 마디미서로 34 105호 (상남동, 보보스타운제1층)",000-0000-1503,128.682158,35.2223333
상남동_상남시장점,경상남도,창원시 성산구,경상남도 창원시 성산구 마디미로27번길 4 (상남동),000-0000-1504,128.684343,35.2218073
상남동_창원점,경상남도,창원시 성산구,경상남도 창원시 성산구 단정로 32 1층 엘지유플러스 (상남동),000-0000-1505,128.683682,35.2195814
상남동_성원주상가점,경상남도,창원시 성산구,경상남도 창원시 성산구 동산로 124 1층 (성원아파트) (상남동),000-0000-1506,128.691954,35.2175466
초전동_물빛공원점,경상남도,진주시,경상남도 진주시 초장로114번길 28 1동 1층 103호 (초전동),000-0000-1507,128.111832,35.2099553
대방동_대방중사거리점,경상남도,창원시 성산구,"경상남도 창원시 성산구 가양로124번길 4 1층 105호(대방동,TOP메디컬빌딩)",000-0000-1508,128.706711,35.2090665
초전동_초전점,경상남도,진주시,경상남도 진주시 초전북로 65 (초전동),000-0000-1509,128.113859,35.2087921
가음정동_가음시장점,경상남도,창원시 성산구,"경상남도 창원시 성산구 대정로 36 1층 6호(가음동,가음동종합상가)",000-0000-1510,128.698916,35.2075448
창동_상상길점,경상남도,창원시 마산합포구,경상남도 창원시 마산합포구 동서북10길 74 1층 101호 (동성동),000-0000-1511,128.575612,35.206192
삼문동_코아상가점,경상남도,김해시,경상남도 김해시 장유로 232 LG유플러스 110호 장유코아빌딩 (부곡동),000-0000-1512,128.809355,35.2035035
삼문동_장유점,경상남도,김해시,경상남도 김해시 능동로149번길 8 일진프라자1층 엘지유플러스 (부곡동),000-0000-1513,128.807608,35.2029438
대안동_갤러리아점,경상남도,진주시,경상남도 진주시 촉석로 185 (대안동),000-0000-1514,128.082395,35.1953594
대청동_젤미마을점,경상남도,김해시,경상남도 김해시 번화1로80번길 15 다성아워스 1층 105호 (대청동),000-0000-1515,128.801066,35.1950657
대안동_롯데시네마점,경상남도,진주시,경상남도 진주시 진양호로527번길 2 (대안동),000-0000-1516,128.083242,35.1929995
대청동_롯데마트점,경상남도,김해시,경상남도 김해시 삼문로 19 (대청동),000-0000-1517,128.802772,35.1928143
하대1동_모덕로점,경상남도,진주시,경상남도 진주시 모덕로 254 (하대동),000-0000-1518,128.121765,35.1887196
신안동_교대점,경상남도,진주시,경상남도 진주시 진양호로 348 (신안동),000-0000-1519,128.068327,35.1834248
월영동_롯데시네마점,경상남도,창원시 마산합포구,"경상남도 창원시 마산합포구 해안대로 7 1층 1호(월남동5가,경남은행)",000-0000-1520,128.559787,35.1808107
문화동_경남대정문점,경상남도,창원시 마산합포구,"경상남도 창원시 마산합포구 해안대로 1 (월남동5가, 삼우빌딩)",000-0000-1521,128.559193,35.1807462
해운동_경남대점,경상남도,창원시 마산합포구,경상남도 창원시 마산합포구 3·15대로 2 창원시 마산합포구 해운동 (해운동),000-0000-1522,128.5587,35.1801848
상대동_진주시청점,경상남도,진주시,경상남도 진주시 동진로 196 (상대동),000-0000-1523,128.11255,35.1795662
칠암동_경상대학교점,경상남도,진주시,경상남도 진주시 동진로 34 1층 (칠암동),000-0000-1524,128.094689,35.1787734
충무공동_진주혁신도시점,경상남도,진주시,경상남도 진주시 사들로 91 제 1층 제104호(충무공동),000-0000-1525,128.148701,35.1758223
율하동_율하점,경상남도,김해시,경상남도 김해시 율하3로 41 (율하동),000-0000-1526,128.814046,35.1719906
평거동_평거점,경상남도,진주시,"경상남도 진주시 남강로309번길 44 1층 (평거동, 코앞빌딩)",000-0000-1527,128.06077,35.1712515
석동_시네마점,경상남도,창원시 진해구,"경상남도 창원시 진해구 진해대로 752 103호 (석동, 외2필지아리온시네마빌딩)",000-0000-1528,128.69742,35.158819
여좌동_진해중앙시장점,경상남도,창원시 진해구,경상남도 창원시 진해구 충장로 119 외(여좌동),000-0000-1529,128.665226,35.1524883
진해_석동사거리점,경상남도,창원시 진해구,"경상남도 창원시 진해구 냉천로 61 (석동,보람수산)",000-0000-1530,128.703876,35.1521225
충무동_중앙시장점,경상남도,창원시 진해구,"경상남도 창원시 진해구 충장로 108 (충무동,LG텔레콤대리점)",000-0000-1531,128.663879,35.1521103
용원동_용원안골점,경상남도,창원시 진해구,"경상남도 창원시 진해구 안골로 344 115호 (용원동, 마이더스빌딩)",000-0000-1532,128.810195,35.1016731
사천읍_사천점,경상남도,사천시,경상남도 사천시 사천읍 평화1길 46 .,000-0000-1533,128.088598,35.0831459
하동읍_하동우체국점,경상남도,하동군,경상남도 하동군 하동읍 중앙로 41-1 (읍내리),000-0000-1534,127.747992,35.0706328
고성읍_고성점,경상남도,고성군,경상남도 고성군 고성읍 동외로 169 .,000-0000-1535,128.325948,34.9765333
벌리동_삼천포점,경상남도,사천시,경상남도 사천시 주공로 26 (벌리동),000-0000-1536,128.0868,34.940492
벌리동_벌리점,경상남도,사천시,"경상남도 사천시 중앙로 158 (벌리동, 삼천포시외버스터미널)",000-0000-1537,128.080568,34.9394028
옥포1동_옥포대첩로점,경상남도,거제시,경상남도 거제시 옥포대첩로 34 (옥포동),000-0000-1538,128.691357,34.8934799
장평동_장평로점,경상남도,거제시,경상남도 거제시 장평로 17 (장평동),000-0000-1539,128.615407,34.8910334
고현동_시외버스터미널점,경상남도,거제시,경상남도 거제시 서문로 67 (고현동),000-0000-1540,128.62314,34.8899211
고현동_고현중앙점,경상남도,거제시,경상남도 거제시 거제중앙로 1913 (고현동),000-0000-1541,128.622606,34.8889098
고현동_거제점,경상남도,거제시,경상남도 거제시 거제중앙로 1899 1층 (고현동),000-0000-1542,128.623249,34.8876755
광도면_죽림점,경상남도,통영시,경상남도 통영시 광도면 죽림4로 19-10 .,000-0000-1543,128.417502,34.885551
아주동_아주로점,경상남도,거제시,경상남도 거제시 아주2로 55 1층 102호(아주동),000-0000-1544,128.684904,34.8677574
무전동_무전점,경상남도,통영시,경상남도 통영시 무전2길 6 1층 (무전동),000-0000-1545,128.423441,34.8601011
무전동_통영점,경상남도,통영시,"경상남도 통영시 무전8길 22-16 1층 (무전동, 진우하이빌2차)",000-0000-1546,128.426529,34.8591366
중앙동_통영중앙점,경상남도,통영시,"경상남도 통영시 중앙로 150 (중앙동,인베이커리)",000-0000-1547,128.423562,34.8449397
남해읍_남해점,경상남도,남해군,경상남도 남해군 남해읍 화전로 87 .,000-0000-1548,127.893878,34.8390826
조천읍_함덕점,제주특별자치도,제주시,제주특별자치도 제주시 조천읍 신북로 536-1 1층(함덕리),000-0000-1549,126.667144,33.5414137
화북일동_화북주공점,제주특별자치도,제주시,제주특별자치도 제주시 동화로 7 1동 1층 102호(화북일동),000-0000-1550,126.573206,33.5194413
화북일동_남문점,제주특별자치도,제주시,제주특별자치도 제주시 일주동로 187 1층(화북일동),000-0000-1551,126.565555,33.5190359
삼양동_삼화지구점,제주특별자치도,제주시,제주특별자치도 제주시 건주로4길 6-8 1층 (도련일동),000-0000-1552,126.580356,33.5167971
도련일동_삼화지구점,제주특별자치도,제주시,제주특별자치도 제주시 건주로6길 2 1동 1층 1호(도련일동),000-0000-1553,126.580396,33.5152014
일도1동_칠성로점,제주특별자치도,제주시,제주특별자치도 제주시 관덕로11길 18 1층(일도일동),000-0000-1554,126.525742,33.5147331
화북일동_삼화점,제주특별자치도,제주시,제주특별자치도 제주시 화삼로 19 1층 LG유플러스 1동 화북 (화북일동),000-0000-1555,126.575222,33.5144715
일도_화인점,제주특별자치도,제주시,"제주특별자치도 제주시 동문로 70 1층 101호(일도이동,화인퍼스트빌9차)",000-0000-1556,126.534102,33.5132773
일도1동_동문로터리점,제주특별자치도,제주시,"제주특별자치도 제주시 동문로 13 1층(일도일동,창림빌딩)",000-0000-1557,126.528388,33.5131474
이도1동_중앙로점,제주특별자치도,제주시,제주특별자치도 제주시 중앙로 76 (이도일동),000-0000-1558,126.524295,33.511572
용담이동_용문점,제주특별자치도,제주시,제주특별자치도 제주시 용문로 157 (용담이동),000-0000-1559,126.509878,33.5088559
이도일동_시민회관점,제주특별자치도,제주시,제주특별자치도 제주시 중앙로 131 0동 1층 0호(이도일동),000-0000-1560,126.525009,33.5070398
일도이동_인제사거리점,제주특별자치도,제주시,제주특별자치도 제주시 동광로 115 (일도이동),000-0000-1561,126.539249,33.5067691
일도이동_인제점,제주특별자치도,제주시,제주특별자치도 제주시 고마로 86 (일도이동),000-0000-1562,126.540488,33.5066205
일도이동_일도지구점,제주특별자치도,제주시,제주특별자치도 제주시 고마로 123 1층 102호 (일도이동),000-0000-1563,126.542279,33.503724
이도이동_제주광양점,제주특별자치도,제주시,제주특별자치도 제주시 중앙로 222 1층 (이도이동),000-0000-1564,126.529536,33.4997993
이도이동_제주샵인샵점,제주특별자치도,제주시,제주특별자치도 제주시 중앙로 242 (이도이동),000-0000-1565,126.530621,33.4982076
도남동_도남시장점,제주특별자치도,제주시,제주특별자치도 제주시 신성로 94 1층(도남동),000-0000-1566,126.529233,33.4962279
도남동_도남로점,제주특별자치도,제주시,제주특별자치도 제주시 도남로 56 (도남동),000-0000-1567,126.52729,33.4952918
아라동_아라점,제주특별자치도,제주시,제주특별자치도 제주시 승천로 82 (아라이동),000-0000-1568,126.543311,33.4915925
연동_신제주점,제주특별자치도,제주시,"제주특별자치도 제주시 도령로 73 (연동, 연동펠리체)",000-0000-1569,126.485967,33.490132
이도이동_중앙여고점,제주특별자치도,제주시,제주특별자치도 제주시 중앙로 360 1층 (이도이동),000-0000-1570,126.538071,33.4895083
노형동_사거리점,제주특별자치도,제주시,제주특별자치도 제주시 월랑로10길 2 (노형동),000-0000-1571,126.47658,33.4890648
연동_제원점,제주특별자치도,제주시,제주특별자치도 제주시 신광로 43 (연동),000-0000-1572,126.490368,33.488293
노형동_하와이점,제주특별자치도,제주시,"제주특별자치도 제주시 도령로 40 1층 102,103호(노형동)",000-0000-1573,126.483269,33.4878758
외도일동_외도점,제주특별자치도,제주시,제주특별자치도 제주시 우정로 57 1동 1층 1호(외도일동),000-0000-1574,126.43117,33.4877101
노형동_구노형점,제주특별자치도,제주시,"제주특별자치도 제주시 월랑로 13 (노형동,라자아일랜드빌딩)",000-0000-1575,126.477678,33.4871851
노형동_제주은행점,제주특별자치도,제주시,제주특별자치도 제주시 도령로 11 (노형동),000-0000-1576,126.480572,33.4871522
외도일동_우정로점,제주특별자치도,제주시,제주특별자치도 제주시 우정로15길 9 (외도일동),000-0000-1577,126.432063,33.4861184
노형동_노형타워점,제주특별자치도,제주시,"제주특별자치도 제주시 노형로 407 107호 (노형동, 노형타워)",000-0000-1578,126.478396,33.4858808
노형동_신노형점,제주특별자치도,제주시,제주특별자치도 제주시 1100로 3334 (노형동),000-0000-1579,126.48084,33.4837724
노형동_신시가지점,제주특별자치도,제주시,제주특별자치도 제주시 연북로 34 1층 (노형동),000-0000-1580,126.485006,33.4816621
노형동_연북로점,제주특별자치도,제주시,"제주특별자치도 제주시 연북로 48 1동 1층 101호(노형동,M&J 복합빌딩)",000-0000-1581,126.486502,33.4816052
연동_연동대림점,제주특별자치도,제주시,제주특별자치도 제주시 국기로 13 (연동),000-0000-1582,126.49008,33.4805832
아라동_아라초등학교점,제주특별자치도,제주시,제주특별자치도 제주시 중앙로 533 (아라일동),000-0000-1583,126.545158,33.4758756
아라동_아라지구점,제주특별자치도,제주시,제주특별자치도 제주시 중앙로 568 1층 (아라일동),000-0000-1584,126.545389,33.4729012
한림읍_한림리점,제주특별자치도,제주시,제주특별자치도 제주시 한림읍 한림중앙로 42 1층(한림리),000-0000-1585,126.265268,33.4110128
동흥동_서귀포점,제주특별자치도,서귀포시,제주특별자치도 서귀포시 일주동로 8676 1층 (동홍동),000-0000-1586,126.561492,33.2534808
서귀동_서귀로타리점,제주특별자치도,서귀포시,"제주특별자치도 서귀포시 중앙로 82 (서귀동, LG텔레콤)",000-0000-1587,126.561456,33.251957
서귀동_중앙로점,제주특별자치도,서귀포시,제주특별자치도 서귀포시 중앙로 61 (서귀동),000-0000-1588,126.561379,33.2501895
중앙동_동문로타리점,제주특별자치도,서귀포시,제주특별자치도 서귀포시 동문로 69 1층(서귀동),000-0000-1589,126.567577,33.2490212
서귀동_동명점,제주특별자치도,서귀포시,제주특별자치도 서귀포시 중정로 76-2 LG텔레콤 (서귀동),000-0000-1590,126.564673,33.2480913
천지동_주민센터점,제주특별자치도,서귀포시,"제주특별자치도 서귀포시 중앙로 37 1동 1층 1호(서귀동,삼일약국)",000-0000-1591,126.56168,33.2480177
대정읍_하모상가로점,제주특별자치도,서귀포시,"제주특별자치도 서귀포시 대정읍 하모상가로 27 1동 1층(하모리,안경세상)",000-0000-1592,126.251797,33.2216603
철원_동송점,강원특별자치도,철원군,"강원특별자치도 철원군 동송읍 금학로 213 1층(이평리,야후 PC방) LG유플러스",000-0000-1593,127.218007,38.2075217
우두동_우두사거리점,강원특별자치도,춘천시,강원특별자치도 춘천시 충열로 10-6 1층 LG 유플러스 (우두동),000-0000-1594,127.729324,37.9004475
후평동_후평사거리점,강원특별자치도,춘천시,강원특별자치도 춘천시 춘천로 315 1동 1층(후평동),000-0000-1595,127.747605,37.8822786
후평동_포스코점,강원특별자치도,춘천시,강원특별자치도 춘천시 후석로326번길 5 106호 (후평동),000-0000-1596,127.750053,37.8804792
일상의틈_조양동_춘천명동점,강원특별자치도,춘천시,강원특별자치도 춘천시 금강로 61 (조양동),000-0000-1597,127.728575,37.879857
약사명동_춘천중앙로점,강원특별자치도,춘천시,강원특별자치도 춘천시 중앙로 74 1층 1호(중앙로2가),000-0000-1598,127.725783,37.8790634
후평동_지적공사점,강원특별자치도,춘천시,강원특별자치도 춘천시 후석로 312 (후평동),000-0000-1599,127.750868,37.8789875
운교동_팔호광장점,강원특별자치도,춘천시,강원특별자치도 춘천시 춘천로 191 (운교동),000-0000-1600,127.735331,37.876806
온의동_터미널점,강원특별자치도,춘천시,강원특별자치도 춘천시 경춘로 2350 1층 (온의동),000-0000-1601,127.719787,37.8632529
퇴계동_남부초등학교점,강원특별자치도,춘천시,강원특별자치도 춘천시 춘주로 176-1 1층 1호(퇴계동),000-0000-1602,127.727549,37.8586736
석사동_KB남춘천점,강원특별자치도,춘천시,강원특별자치도 춘천시 후석로 14 (석사동),000-0000-1603,127.739672,37.8562648
석사동_봄내초등학교점,강원특별자치도,춘천시,강원특별자치도 춘천시 퇴계로 229 (석사동),000-0000-1604,127.743819,37.8562207
춘천순환로_거두부영점,강원특별자치도,춘천시,강원특별자치도 춘천시 동내면 춘천순환로 70 1층(거두리),000-0000-1605,127.751605,37.8553155
석사동_투탑시티점,강원특별자치도,춘천시,"강원특별자치도 춘천시 지석로 85 1층 (석사동, 강남프라자)",000-0000-1606,127.744825,37.8511151
포남동_새마을금고점,강원특별자치도,강릉시,강원특별자치도 강릉시 하평길 20 (포남동),000-0000-1607,128.9108,37.770075
교동_사거리점,강원특별자치도,강릉시,강원특별자치도 강릉시 교동광장로 125 (교동),000-0000-1608,128.87856,37.7647107
교1동_교동택지점,강원특별자치도,강릉시,강원특별자치도 강릉시 교동광장로 137 1층 (교동),000-0000-1609,128.879928,37.7644997
임당동_롯데리아점,강원특별자치도,강릉시,"강원특별자치도 강릉시 경강로 2106 1층 105호 (임당동, 경일프라자)",000-0000-1610,128.897289,37.7551321
홍천읍_신장대로점,강원특별자치도,홍천군,강원특별자치도 홍천군 홍천읍 신장대로 73 .,000-0000-1611,127.884293,37.690732
천곡동_우리은행점,강원특별자치도,동해시,"강원특별자치도 동해시 중앙로 247 1층 (천곡동, 우리은행)",000-0000-1612,129.113534,37.5225368
천곡동_신한은행점,강원특별자치도,동해시,"강원특별자치도 동해시 중앙로 235 1층 (천곡동, 유성빌딩)",000-0000-1613,129.113888,37.5218278
남양동_삼척우체국점,강원특별자치도,삼척시,강원특별자치도 삼척시 진주로 35 (남양동),000-0000-1614,129.163697,37.4437785
평창읍_평창중앙로점,강원특별자치도,평창군,강원특별자치도 평창군 평창읍 백오로 86 1층,000-0000-1615,128.394656,37.3676166
중앙동_자유시장점,강원특별자치도,원주시,"강원특별자치도 원주시 중앙시장길 11 1층 1호 (중앙동, 자유시장)",000-0000-1616,127.948883,37.3509182
중앙동_국민은행점,강원특별자치도,원주시,강원특별자치도 원주시 중앙로 113-1 (중앙동),000-0000-1617,127.950281,37.3498708
무실동_원주시청점,강원특별자치도,원주시,"강원특별자치도 원주시 시청로 74 1층 108호 (무실동, 에이스타워)",000-0000-1618,127.927032,37.3369906
무실동_무실점,강원특별자치도,원주시,강원특별자치도 원주시 능라동길 59 1동 1층 101호(무실동),000-0000-1619,127.930803,37.3344203
무실동_원주무실점,강원특별자치도,원주시,강원특별자치도 원주시 능라동길 31 (무실동),000-0000-1620,127.928298,37.3335389
단구동_스타월드점,강원특별자치도,원주시,"강원특별자치도 원주시 서원대로 396 1동 1층 119호(단구동,스타월드)",000-0000-1621,127.94871,37.3308454
관설동_반곡관설점,강원특별자치도,원주시,강원특별자치도 원주시 나비허리길 118 1층 101호(관설동),000-0000-1622,127.962541,37.3209491
황지동_태백우체국점,강원특별자치도,태백시,강원특별자치도 태백시 황지로 176 1층 (황지동),000-0000-1623,128.990679,37.1740399
조촌동_디오션G플레이스점,전북특별자치도,군산시,전북특별자치도 군산시 궁포안2길 27 G플레이스 128호 (조촌동),000-0000-1624,126.744871,35.9766956
문화동_현대코아점,전북특별자치도,군산시,전북특별자치도 군산시 백토로 108 현대코아사거리 미니스톱옆 LGU+군산문화직영점 (나운동),000-0000-1625,126.705482,35.9695213
산북동_동아아파트점,전북특별자치도,군산시,전북특별자치도 군산시 동아로 155 (산북동),000-0000-1626,126.684131,35.9690431
수송동_제일아파트점,전북특별자치도,군산시,전북특별자치도 군산시 월명로 255 104호 (수송동),000-0000-1627,126.714938,35.9667414
수송동_롯데마트점,전북특별자치도,군산시,전북특별자치도 군산시 월명로 250 (군산유통사무실) 1층(수송동),000-0000-1628,126.716026,35.9662483
수송동_수송동주민센터점,전북특별자치도,군산시,전북특별자치도 군산시 수송로 207 (수송동),000-0000-1629,126.718184,35.9642617
나운동_유원아파트점,전북특별자치도,군산시,전북특별자치도 군산시 대학로 384 1층 (나운동),000-0000-1630,126.69084,35.9600935
어양동_하나로사거리점,전북특별자치도,익산시,전북특별자치도 익산시 하나로 432 (어양동),000-0000-1631,126.982062,35.9590068
영등동_주민센터점,전북특별자치도,익산시,전북특별자치도 익산시 무왕로13길 5 엘지유플러스 (영등동),000-0000-1632,126.976541,35.9589697
부송동_사거리점,전북특별자치도,익산시,"전북특별자치도 익산시 부송1로 81 106호 (부송동, 상가)",000-0000-1633,126.991395,35.9588186
영등동_우리은행점,전북특별자치도,익산시,전북특별자치도 익산시 무왕로 1078 (영등동),000-0000-1634,126.976397,35.9582216
영등동_CGV점,전북특별자치도,익산시,"전북특별자치도 익산시 무왕로 1052 1층 102호 103호 104호(영등동,CGV익산)",000-0000-1635,126.97377,35.9580588
남중동_북부시장점,전북특별자치도,익산시,전북특별자치도 익산시 인북로 253 (남중동),000-0000-1636,126.957945,35.9511237
모현동_사거리점,전북특별자치도,익산시,전북특별자치도 익산시 선화로 89 엘지유플러스 (모현동1가),000-0000-1637,126.940666,35.9493587
모현동_고현교회점,전북특별자치도,익산시,전북특별자치도 익산시 선화로 126 (모현동1가),000-0000-1638,126.944502,35.9480268
미룡동_군산대정문점,전북특별자치도,군산시,전북특별자치도 군산시 황룡로 3 롯데리아 1층 엘지유플러스 (미룡동),000-0000-1639,126.685753,35.9457867
모현동_새마을금고점,전북특별자치도,익산시,전북특별자치도 익산시 고현로 89 (모현동1가),000-0000-1640,126.942886,35.94507
동산동_동산오거리점,전북특별자치도,익산시,"전북특별자치도 익산시 서동로 140 1층 1호(마동,대흥빌딩)",000-0000-1641,126.966553,35.935499
삼례읍_터미널점,전북특별자치도,완주군,전북특별자치도 완주군 삼례읍 동학로 23 .,000-0000-1642,127.074466,35.9098776
송천동_에코시티점,전북특별자치도,전주시 덕진구,전북특별자치도 전주시 덕진구 세병로 30 ((기가다회선) 더한의원) 1층 101호(송천동2가),000-0000-1643,127.128039,35.8737113
반월동_쪽구름점,전북특별자치도,전주시 덕진구,전북특별자치도 전주시 덕진구 쪽구름로 119 1층(반월동),000-0000-1644,127.072196,35.873667
동산동_주민센터점,전북특별자치도,전주시 덕진구,전북특별자치도 전주시 덕진구 쪽구름로 66 외 1필지(동산동),000-0000-1645,127.076745,35.8713841
송천동_솔내로점,전북특별자치도,전주시 덕진구,전북특별자치도 전주시 덕진구 솔내로 184 (송천동2가),000-0000-1646,127.127451,35.8663487
송천동_천마산로점,전북특별자치도,전주시 덕진구,전북특별자치도 전주시 덕진구 천마산로 53 1동 1층 101호(송천동2가),000-0000-1647,127.127238,35.8643121
송천동_대명아파트점,전북특별자치도,전주시 덕진구,전북특별자치도 전주시 덕진구 시천로 46 (송천동1가),000-0000-1648,127.114814,35.8633241
송천동_송천우체국점,전북특별자치도,전주시 덕진구,전북특별자치도 전주시 덕진구 송천중앙로 160 (송천동1가),000-0000-1649,127.121697,35.8610102
호성동_동아아파트점,전북특별자치도,전주시 덕진구,전북특별자치도 전주시 덕진구 호성3길 15 1층 (호성동1가),000-0000-1650,127.150914,35.8606259
송천동_전라고사거리점,전북특별자치도,전주시 덕진구,전북특별자치도 전주시 덕진구 송천중앙로 144 (송천동1가),000-0000-1651,127.121529,35.8597396
호성동_호성점,전북특별자치도,전주시 덕진구,전북특별자치도 전주시 덕진구 견훤로 503 1층(우아동3가),000-0000-1652,127.155598,35.8552575
덕진동_덕진우체국점,전북특별자치도,전주시 덕진구,전북특별자치도 전주시 덕진구 기린대로 486-1 (덕진동1가),000-0000-1653,127.125013,35.8432161
만성동_만성중앙로점,전북특별자치도,전주시 덕진구,전북특별자치도 전주시 덕진구 만성중앙로 49 (만성동),000-0000-1654,127.077161,35.8429854
금암동_사대부고사거리점,전북특별자치도,전주시 덕진구,전북특별자치도 전주시 덕진구 백제대로 646 1층 (금암동),000-0000-1655,127.140353,35.8422981
인후동_안골사거리점,전북특별자치도,전주시 덕진구,전북특별자치도 전주시 덕진구 안덕원로 263 (인후동1가),000-0000-1656,127.15575,35.8369439
중동_혁신도시점,전북특별자치도,전주시 덕진구,전북특별자치도 전주시 덕진구 오공로 33 (중동),000-0000-1657,127.058992,35.8362091
서신동_중흥아파트점,전북특별자치도,전주시 완산구,전북특별자치도 전주시 완산구 서신로 105 (서신동),000-0000-1658,127.115614,35.8348168
금암동_금암광장사거리점,전북특별자치도,전주시 덕진구,전북특별자치도 전주시 덕진구 가리내로 10 서울영상의학과 LG유플러스 (금암동),000-0000-1659,127.134971,35.8345625
인후동_건산로점,전북특별자치도,전주시 덕진구,전북특별자치도 전주시 덕진구 건산로 228 (인후동1가),000-0000-1660,127.162241,35.8338982
서신동_당산로점,전북특별자치도,전주시 완산구,전북특별자치도 전주시 완산구 당산로 42 1층(서신동),000-0000-1661,127.112865,35.8319804
서신동_국민은행점,전북특별자치도,전주시 완산구,전북특별자치도 전주시 완산구 서신로 54 (서신동),000-0000-1662,127.116072,35.8300036
인후동_아중로점,전북특별자치도,전주시 덕진구,전북특별자치도 전주시 덕진구 아중로 152 (인후동1가),000-0000-1663,127.166142,35.8257817
서신동_전북은행사거리점,전북특별자치도,전주시 완산구,전북특별자치도 전주시 완산구 유연로 291 1층(서신동),000-0000-1664,127.117272,35.8255232
경원동_신한은행점,전북특별자치도,전주시 완산구,전북특별자치도 전주시 완산구 팔달로 202-4 (경원동3가),000-0000-1665,127.146423,35.8203455
중화산동_어은터널사거리점,전북특별자치도,전주시 완산구,전북특별자치도 전주시 완산구 백제대로 259 (중화산동2가),000-0000-1666,127.122581,35.8162081
일상의틈_효자동_홍산로점,전북특별자치도,전주시 완산구,전북특별자치도 전주시 완산구 홍산로 249 (효자동2가),000-0000-1667,127.105507,35.8160528
중화산동_서원로점,전북특별자치도,전주시 완산구,전북특별자치도 전주시 완산구 서원로 278 1층(중화산동2가),000-0000-1668,127.125019,35.8117263
효자동_LH사거리점,전북특별자치도,전주시 완산구,전북특별자치도 전주시 완산구 호암로 79 1층 1호(효자동2가),000-0000-1669,127.103307,35.8087545
효자동_전주농협사거리점,전북특별자치도,전주시 완산구,전북특별자치도 전주시 완산구 용머리로 64 (효자동1가),000-0000-1670,127.117277,35.8063716
효자동_홈플러스점,전북특별자치도,전주시 완산구,전북특별자치도 전주시 완산구 용머리로 32 삼세한의원 (효자동1가),000-0000-1671,127.113913,35.8055366
효자동_효자광장사거리점,전북특별자치도,전주시 완산구,"전북특별자치도 전주시 완산구 백제대로 140 1동 1층 105호(효자동1가,효자메디컬프라자)",000-0000-1672,127.124058,35.8053825
검산동_홈플러스점,전북특별자치도,김제시,전북특별자치도 김제시 금성로 120 (검산동),000-0000-1673,126.903143,35.8002586
요촌동_사거리점,전북특별자치도,김제시,전북특별자치도 김제시 동서로 177 (요촌동),000-0000-1674,126.887943,35.800083
삼천동_롯데슈퍼점,전북특별자치도,전주시 완산구,전북특별자치도 전주시 완산구 용리로 45 (효자동1가),000-0000-1675,127.114821,35.7988394
평화동_지하보도점,전북특별자치도,전주시 완산구,전북특별자치도 전주시 완산구 장승배기로 259 1동 1층 1호(평화동1가),000-0000-1676,127.140387,35.7986323
삼천동_흥건아파트점,전북특별자치도,전주시 완산구,전북특별자치도 전주시 완산구 거마평로 44 (삼천동1가),000-0000-1677,127.117086,35.7963858
평화동_코오롱아파트점,전북특별자치도,전주시 완산구,전북특별자치도 전주시 완산구 평화18길 23-4 LG유플러스동 1층 (평화동1가),000-0000-1678,127.133732,35.7947103
평화동_꽃밭정점,전북특별자치도,전주시 완산구,전북특별자치도 전주시 완산구 모악로 4761 1층 (평화동1가),000-0000-1679,127.132006,35.7943427
삼천동_거마평로점,전북특별자치도,전주시 완산구,전북특별자치도 전주시 완산구 거마평로 16 (삼천동1가),000-0000-1680,127.117082,35.7937451
평화동_모악로점,전북특별자치도,전주시 완산구,전북특별자치도 전주시 완산구 모악로 4688 (평화동2가),000-0000-1681,127.130756,35.7877829
평화동_경복궁아파트점,전북특별자치도,전주시 완산구,"전북특별자치도 전주시 완산구 평화로 120 109호 (평화동2가, 평화동두산경복궁아파트)",000-0000-1682,127.136529,35.7872358
평화동_현대아이파크점,전북특별자치도,전주시 완산구,전북특별자치도 전주시 완산구 소대배기로 20 1층(평화동2가),000-0000-1683,127.132403,35.7869339
부안읍_터미널사거리점,전북특별자치도,부안군,"전북특별자치도 부안군 부안읍 번영로 150 1층(서외리,1001안경콘텍트)",000-0000-1684,126.736946,35.7261316
수성동_정읍CGV점,전북특별자치도,정읍시,전북특별자치도 정읍시 중앙1길 1 (수성동),000-0000-1685,126.849571,35.5698912
도통동_남원농협사거리점,전북특별자치도,남원시,전북특별자치도 남원시 용성로 222 1동 1층(도통동),000-0000-1686,127.39679,35.4173618
